"CONTROL","DISTANCEONLY","TUITFTE","ADM_RATE_ALL","C150_4","DEBT_MDN","NPT4_PUB","NPT4_PRIV","SAT_AVG","PCTFLOAN","UGDS"
2,0,12057,0.7167,0.6667,10500,8792,7455,1036.5,0.7629,322
2,0,6023,0.7167,0.2115,8050,8792,12686,1036.5,0.91,523
3,0,1624,0.7167,0.46545,7901,8792,9476,1036.5,0.4422,89
2,0,10138,0.7167,0,9833,8792,9346,1036.5,0.4839,67
2,0,4873,0.7167,0.2133,3775,8792,8427,1036.5,0.7679,447
2,0,5777,0.7167,0.46545,9833,8792,9592,1036.5,0.2,26
3,0,6193,0.7167,0.46545,8407,8792,14170,1036.5,0.7894,335
3,0,8231,0.7167,0.46545,7392,8792,12328,1036.5,0.6598,43
3,0,7447,0.7167,0.46545,5781,8792,13660,1036.5,0.7386,175
2,0,5550,0.7167,0.5,16750,8792,12580,1036.5,0.6986,77
3,0,7119,0.7167,0.46545,5491.5,8792,12938,1036.5,0.475,47
3,0,9287,0.7167,0.46545,7613,8792,13635,1036.5,0.633,226
3,0,8134,0.7167,0.46545,6514,8792,10819,1036.5,0.5828,83
3,0,8704,0.7167,0.46545,6392.5,8792,12798,1036.5,0.6947,53
3,0,8290,0.7167,0.46545,6392.5,8792,12513,1036.5,0.6753,113
3,0,5660,0.7167,0.46545,10423.5,8792,11591,1036.5,0.7927,273
3,0,3546,0.7167,0.46545,9833,8792,4536,1036.5,0.1957,64
3,0,7957,0.7167,0.46545,6406,8792,12996,1036.5,0.7555,172
3,0,5278,0.7167,0.46545,9545,8792,4923,1036.5,0.9474,32
3,0,1665,0.7167,0.46545,6333,8792,10167,1036.5,1,37
3,0,9392,0.7167,0.46545,5500,8792,9691,1036.5,0.9231,46
2,0,9863,0.5898,0.4965,12000,8792,12350,1142,0.6867,570
3,0,8501,0.7167,0.46545,6800,8792,8717,1036.5,0.6056,50
3,0,8658,0.7167,0.46545,9500,8792,10946,1036.5,0.679,64
2,0,8457,0.5407,0.3874,10828,8792,11539,974,0.5745,769
2,0,8396,0.7167,0.2931,7848,8792,10192,1036.5,0.5524,153
3,0,5255,0.7167,0.46545,3848.5,8792,12460,1036.5,0.9182,302
3,0,4823,0.7167,0.46545,4000,8792,8739,1036.5,0.2877,43
3,0,5165,0.7167,0.46545,9833,8792,12018,1036.5,0.4865,27
3,0,6357,0.7167,0.46545,6365,8792,14889,1036.5,0.5332,364
3,0,1486,0.7167,0.46545,9833,8792,6284,1036.5,0,15
3,0,6626,0.7167,0.46545,9833,8792,10884,1036.5,0.5854,65
3,0,4718,0.7167,0.46545,9500,8792,12681,1036.5,0.3978,79
3,0,13022,0.7167,0.46545,8456,8792,7502,1036.5,0.8462,50
2,0,6837,0.7167,0.46545,8453,8792,4883,1036.5,0.7115,330
2,0,7323,0.6798,0.3985,10000,8792,11326,1001,0.6307,501
3,0,342,0.7167,0.46545,9833,8792,959,1036.5,0,25
3,0,1205,0.7167,0.46545,6333,8792,12608,1036.5,0.809,186
3,0,5490,0.7167,0.46545,3500,8792,11962,1036.5,0.6516,45
2,0,5936,0.8321,0.7826,9833,8792,8039,1036.5,0.3906,259
3,0,5367,0.7167,0.46545,7710,8792,12974,1036.5,0.6748,114
2,0,12357,0.8333,0.25,9833,8792,11734,1036.5,0.5429,30
3,0,7053,0.7167,0.46545,6333,8792,11184,1036.5,0.5784,167
2,0,5379,0.7167,0.46545,5250,8792,14109,1036.5,0.4472,267
2,0,5903,0.7167,0.46545,5250,8792,12906,1036.5,0.3681,345
2,0,10520,0.7167,0.46545,5250,8792,-264,1036.5,0.0783,234
2,0,4730,0.7167,0.46545,5250,8792,12322,1036.5,0.4128,103
2,0,8722,0.7167,0.46545,5250,8792,11479,1036.5,0.0791,88
2,0,9345,0.7167,0.46545,5250,8792,4571,1036.5,0.0809,104
2,0,8824,0.7167,0.46545,5250,8792,12479,1036.5,0.0577,65
3,0,2723,0.7167,0.46545,9833,8792,8665,1036.5,0,96
3,0,5281,0.7167,0.46545,6630.5,8792,12128,1036.5,0.5229,229
3,0,3624,0.7167,0.46545,9833,8792,7304,1036.5,0,47
3,0,5749,0.7167,0.46545,9833,8792,8377,1036.5,0,83
3,0,6158,0.7167,0.46545,10556,8792,11066,1036.5,0.6111,30
3,0,392,0.7167,0.46545,9833,8792,11719,1036.5,0,126
3,0,4640,0.7167,0.46545,6333,8792,13466,1036.5,0.5617,93
3,0,9231,0.7167,0.46545,8118,8792,10643,1036.5,0.6735,186
3,0,6681,0.7167,0.46545,9833,8792,13061,1036.5,0,67
3,0,6744,0.7167,0.46545,9833,8792,9582,1036.5,0,36
3,0,4516,0.7167,0.46545,4610,8792,8337,1036.5,0.2719,56
3,0,10266,0.7167,0.46545,7601.5,8792,10440,1036.5,0.4903,126
3,0,11238,0.7167,0.46545,9101,8792,12836,1036.5,0.7254,594
3,0,3449,0.7167,0.46545,5408.5,8792,10672,1036.5,0.6056,48
3,0,7589,0.7167,0.46545,9500,8792,8506,1036.5,0.9528,76
3,0,4777,0.7167,0.46545,4598.5,8792,9167,1036.5,0.4857,153
3,0,6881,0.7167,0.46545,6913,8792,9535,1036.5,0.5207,70
3,0,3196,0.7167,0.46545,9833,8792,9908,1036.5,0,99
3,0,2575,0.7167,0.46545,3120,8792,11432,1036.5,0.4921,108
3,0,2272,0.7167,0.46545,9833,8792,9762,1036.5,0,71
3,0,4352,0.7167,0.46545,7726.5,8792,10747,1036.5,0.5154,228
3,0,4554,0.7167,0.46545,9921,8792,11333,1036.5,0.7429,129
3,0,347,0.7167,0.46545,9833,8792,10291,1036.5,0,210
3,0,2551,0.7167,0.46545,9833,8792,4229,1036.5,0,181
3,0,3870,0.7167,0.46545,6050,8792,13558,1036.5,0.6092,105
3,0,8965,0.7167,0.46545,9833,8792,4571,1036.5,0,42
2,0,12568,1,0.1667,9833,8792,6649,1036.5,0,131
3,0,8482,0.7167,0.46545,8870,8792,10770,1036.5,0.4504,90
3,0,8182,0.7167,0.46545,9104.5,8792,12460,1036.5,0.7164,53
3,0,4642,0.7167,0.46545,11122.5,8792,13335,1036.5,0.5977,174
3,0,5806,0.7167,0.46545,6333,8792,13448,1036.5,0.4714,205
3,0,10554,0.7167,0.46545,13000,8792,12487,1036.5,0.7022,339
2,0,11093,0.6558,0.4828,12000,8792,11804,841,0.4199,1053
2,0,6778,0.75,0.46545,9833,8792,11756,1036.5,0.6111,37
2,0,8251,0.4257,0.3684,14425,8792,9766,1062,0.6105,499
3,0,11320,0.7167,0.46545,4811.5,8792,12644,1036.5,0.2652,129
2,0,9451,0.2732,0.2,11351,8792,12443,802,0.8214,862
3,0,7364,0.7167,0.602,9500,8792,14055,1036.5,0.7045,4330
3,0,17632,0.7167,0.1477,12347.5,8792,8580,1036.5,1,99
3,0,1998,0.7167,0.46545,9833,8792,6961,1036.5,0,28
2,0,5082,0.7167,0.4,9833,8792,9956,1036.5,0.2533,194
3,0,0,0.7167,0.46545,7139,8792,8212,1036.5,0.759,290
3,0,4490,0.7167,0.46545,6500,8792,11616,1036.5,0.4,98
2,0,18009,1,0.6667,9833,8792,2035,1036.5,0,77
2,0,7156,0.4847,0.3889,5500,8792,11766,863,0.6554,289
3,0,5267,0.7167,0.46545,7885,8792,14733,1036.5,0.3083,79
3,0,6246,0.7167,0.46545,6864,8792,9449,1036.5,0.499,528
3,0,518,0.7167,0.46545,9833,8792,6646,1036.5,0,53
2,0,5603,0.5137,0.1867,10250,8792,13146,896,0.6191,543
3,0,4004,0.7167,0.46545,8900,8792,10946,1036.5,0.9756,68
2,0,8333,0.4783,0.4571,14335,8792,12333,935,0.6385,709
3,0,7542,0.7167,0.46545,5830,8792,11715,1036.5,0.4106,85
3,0,2844,0.7167,0.46545,8952,8792,11238,1036.5,0.3401,188
3,0,2728,0.7167,0.46545,9511,8792,13527,1036.5,1,57
3,0,7734,0.7167,0.46545,13209,8792,8980,1036.5,0.9143,25
3,0,4015,0.7167,0.46545,11497,8792,12259,1036.5,0.7342,36
3,0,4268,0.7167,0.46545,7136,8792,9676,1036.5,0.5,45
3,0,2530,0.7167,0.46545,8062.5,8792,7359,1036.5,1,40
3,0,2860,0.7167,0.46545,7500,8792,11080,1036.5,0.6066,33
3,0,12209,0.7167,0.46545,9776,8792,8824,1036.5,0.6048,395
3,0,5346,0.7167,0.46545,9833,8792,5995,1036.5,0,83
3,0,7316,0.7167,0.46545,3500,8792,6961,1036.5,0.6283,84
3,0,4422,0.7167,0.46545,9833,8792,5697,1036.5,0,125
3,0,6502,0.7167,0.46545,3500,8792,6262,1036.5,0.3611,79
3,0,8954,0.7167,0.46545,6406,8792,13209,1036.5,0.6397,81
3,0,1856,0.7167,0.46545,7500,8792,11238,1036.5,0.4574,58
3,0,5444,0.7167,0.46545,7917,8792,9326,1036.5,0.4891,147
3,0,13304,0.7167,0.46545,8100,8792,12328,1036.5,0.6748,53
3,0,8055,0.7167,0.46545,5125,8792,11226,1036.5,0.6923,44
3,0,16156,0.7167,0.46545,9500,8792,9725,1036.5,0.4419,33
3,0,13880,0.7167,0.46545,10182,8792,11772,1036.5,0.7774,617
2,0,3881,0.7167,0.46545,5250,8792,11160,1036.5,0.6624,209
3,0,7083,0.7167,0.46545,7917,8792,10516,1036.5,0.4436,86
3,0,2219,0.7167,0.46545,9833,8792,8077,1036.5,0.1416,78
3,0,12049,0.7167,0.46545,9700,8792,9865,1036.5,0.7547,70
3,0,7184,0.7167,0.46545,9833,8792,13157,1036.5,0.2917,49
2,0,8944,0.7167,0.255,9833,8792,8405,1036.5,0,1598
2,0,2174,0.5455,0.46545,2737.5,8792,12154,1036.5,0.336,64
3,0,10548,0.7167,0.46545,9833,8792,11189,1036.5,0.375,45
2,0,13088,1,0.5,9833,8792,7397,1036.5,0,67
3,0,8797,0.7167,0.46545,9833,8792,8713,1036.5,0.6667,14
3,0,5859,0.7167,0.46545,5500,8792,14572,1036.5,0.503,189
3,0,4389,0.7167,0.46545,9833,8792,969,1036.5,0.2308,9
3,0,8487,0.7167,0.46545,9500,8792,11230,1036.5,0.6265,53
3,0,7104,0.7167,0.46545,9833,8792,11540,1036.5,0.3889,77
3,0,10141,0.7167,0.46545,7312,8792,10996,1036.5,0.687,70
3,0,4714,0.7167,0.46545,6500,8792,10385,1036.5,0.5917,86
3,0,7060,0.7167,0.46545,9500,8792,12102,1036.5,0.4936,116
3,0,1198,0.7167,0.46545,3300,8792,2435,1036.5,0,39
3,0,2285,0.7167,0.46545,5500,8792,8051,1036.5,0.1538,82
3,0,8238,0.7167,0.46545,6569,8792,13243,1036.5,0.6985,194
3,0,6159,0.7167,0.46545,10000,8792,10874,1036.5,0.4839,96
3,0,5689,0.7167,0.46545,7000,8792,8878,1036.5,0,62
2,0,3814,0.7167,0.8,13000,8792,7585,1036.5,1,63
3,0,2863,0.7167,0.46545,9833,8792,1529,1036.5,0,87
3,0,6751,0.7167,0.46545,9500,8792,12450,1036.5,0.5634,37
3,0,7789,0.7167,0.46545,4435,8792,8401,1036.5,0.2095,51
3,0,7693,0.7167,0.46545,9100,8792,11024,1036.5,0.7,39
3,0,4905,0.7167,0.46545,5500,8792,8640,1036.5,0.2074,89
2,0,7261,0.6887,0.6054,13125,8792,11581,1036.5,0.7359,1007
3,0,5955,0.7167,0.46545,8100,8792,13917,1036.5,0.5172,192
3,0,15277,0.7167,0.46545,9833,8792,9883,1036.5,0.6667,11
3,0,6335,0.7167,0.46545,11225,8792,10304,1036.5,0.6863,34
2,0,14773,1,0.4444,9833,8792,1539,1036.5,0.3396,89
3,0,8461,0.7167,0.46545,12000,8792,6956,1036.5,0.9333,21
3,0,6329,0.7167,0.7413,9500,8792,13742,1036.5,0.9725,177
3,0,4871,0.7167,0.46545,9833,8792,9435,1036.5,0.7907,32
2,0,4144,0.3846,0.46545,9833,8792,9231,1036.5,0.45,17
3,0,12349,0.7167,0.46545,9833,8792,10166,1036.5,0.56,21
3,0,7615,0.7167,0.46545,6861,8792,10760,1036.5,0.477,150
3,0,7987,0.7167,0.46545,6332,8792,11157,1036.5,0.9098,103
3,0,5755,0.7167,0.46545,12500,8792,10266,1036.5,0.66,63
3,0,7166,0.7167,0.46545,7562,8792,13061,1036.5,0.4337,141
3,0,6548,0.7167,0.46545,7721,8792,12488,1036.5,0.5814,190
3,0,6461,0.7167,0.46545,10699,8792,8313,1036.5,0.5889,54
3,0,6814,0.7167,0.46545,6755,8792,8114,1036.5,0.6628,68
3,0,5795,0.7167,0.46545,7159.5,8792,9195,1036.5,0.5233,46
3,0,3852,0.7167,0.46545,9500,8792,14065,1036.5,0.5708,111
2,0,6632,0.7167,0.3077,4750,8792,7157,1036.5,0.2925,419
3,0,4784,0.7167,0.46545,9619,8792,12943,1036.5,0.7857,77
3,0,6202,0.7167,0.46545,9833,8792,8551,1036.5,0.1979,37
3,0,7419,0.7167,0.46545,9702,8792,10296,1036.5,0.9529,48
2,0,7142,0.4502,0.3164,6700,8792,9014,990,0.6727,617
3,0,6408,0.7167,0.46545,3465,8792,8740,1036.5,0.2162,93
2,0,2121,0.3401,0.6167,5496.5,8792,1776,1113,0.2262,1587
3,0,8644,0.7167,0.46545,7475,8792,6938,1036.5,0.5222,372
2,0,11572,0.45,0.2979,12146.5,8792,12172,1010,0.832,869
2,0,3924,0.7167,0.6154,9833,8792,6191,1036.5,0,136
3,0,7814,0.7167,0.46545,12000,8792,9874,1036.5,0.6101,278
3,0,3205,0.7167,0.46545,9833,8792,1435,1036.5,0.1154,29
3,0,6014,0.7167,0.46545,6333,8792,10865,1036.5,0.6154,74
3,0,6977,0.7167,0.46545,7224,8792,5137,1036.5,0,26
3,0,9202,0.7167,0.46545,9500,8792,9496,1036.5,0.7099,132
2,0,7117,0.5075,0.7778,9833,8792,9746,930,0.3929,73
3,0,3372,0.7167,0.46545,9833,8792,8381,1036.5,0,18
3,0,2209,0.7167,0.46545,9833,8792,6409,1036.5,0,73
3,0,6540,0.7167,0.46545,6392.5,8792,11434,1036.5,0.6275,107
3,0,7452,0.7167,0.46545,7392,8792,12055,1036.5,0.6993,168
3,0,7450,0.7167,0.46545,6569,8792,12096,1036.5,0.7136,123
3,0,7540,0.7167,0.46545,6406,8792,11300,1036.5,0.723,165
3,0,3687,0.7167,0.46545,5129,8792,11987,1036.5,0.8409,95
3,0,3202,0.7167,0.46545,9500,8792,13543,1036.5,0.6634,85
3,0,12470,0.7167,0.46545,3881,8792,9349,1036.5,0.1981,23
3,0,5563,0.7167,0.46545,9833,8792,2350,1036.5,0,51
3,0,5615,0.7167,0.46545,9833,8792,8308,1036.5,0,58
3,0,6478,0.7167,0.46545,5500,8792,9300,1036.5,0.4252,91
3,0,11682,0.7167,0.46545,9500,8792,12291,1036.5,0.8816,62
3,0,10657,0.7167,0.46545,9833,8792,4185,1036.5,0,36
3,0,7911,0.7167,0.46545,9833,8792,8874,1036.5,0,76
3,0,3088,0.7167,0.46545,3500,8792,8217,1036.5,0.2388,42
2,0,8282,0.7423,0.4251,11750,8792,11611,968,0.589,1081
3,0,185,0.7167,0.46545,9833,8792,10089,1036.5,0.4286,14
3,0,93,0.7167,0.46545,2831.5,8792,8421,1036.5,0.7826,25
3,0,5301,0.7167,0.46545,9833,8792,9331,1036.5,0,28
3,0,2811,0.7167,0.46545,9833,8792,5463,1036.5,0.9545,28
3,0,2879,0.7167,0.46545,9833,8792,9733,1036.5,0,75
3,0,9411,0.7167,0.46545,13500,8792,12339,1036.5,0.6941,107
3,0,3050,0.7167,0.46545,5500,8792,12830,1036.5,0.377,41
3,0,5815,0.7167,0.46545,8208,8792,13709,1036.5,0.7409,461
2,0,6923,0.4545,0.46545,10269,8792,12126,1010,0.8203,178
3,0,8204,0.7167,0.46545,6406,8792,13109,1036.5,0.6692,314
3,0,10372,0.7167,0.46545,6333,8792,11871,1036.5,0.5731,245
3,0,9125,0.7167,0.46545,5701,8792,9385,1036.5,0.6867,39
3,0,5121,0.7167,0.46545,7500,8792,14065,1036.5,0.7138,170
3,0,2701,0.7167,0.46545,5500,8792,11038,1036.5,0.9692,72
3,0,2370,0.7167,0.46545,4780,8792,11885,1036.5,0.9545,30
3,0,5959,0.7167,0.46545,3750,8792,12738,1036.5,0.5513,134
2,0,517,0.8154,0.3061,9833,8792,8675,1036.5,0,340
3,0,6185,0.7167,0.46545,5500,8792,14455,1036.5,0.6869,374
3,0,3965,0.7167,0.46545,6995,8792,12056,1036.5,0.9141,101
3,1,9813,0.7167,1,12450,8792,11406,1036.5,0.3215,918
3,0,6655,0.7167,0.46545,5500,8792,13755,1036.5,0.6848,171
3,0,8076,0.7167,0.46545,7116.5,8792,12307,1036.5,0.625,105
3,0,10571,0.7167,0.46545,5500,8792,10578,1036.5,0.8841,30
3,0,4880,0.7167,0.46545,5500,8792,12034,1036.5,0.8902,46
3,0,6421,0.7167,0.46545,5500,8792,11140,1036.5,1,102
3,0,8644,0.7167,0.46545,5500,8792,13585,1036.5,0.41,60
3,0,11643,0.7167,0.46545,6788,8792,11438,1036.5,0.5133,91
3,0,7951,0.7167,0.46545,7017,8792,12820,1036.5,0.4775,37
3,0,4071,0.7167,0.46545,4304,8792,5549,1036.5,0.4217,35
2,0,8048,0.7167,0.1404,11666.5,8792,12105,1036.5,0.7344,2726
2,0,8639,0.7167,0.113,11666.5,8792,11710,1036.5,0.7651,4886
3,0,3612,0.7167,0.46545,9833,8792,3502,1036.5,0,41
3,0,3257,0.7167,0.46545,9833,8792,6796,1036.5,0,39
3,0,9070,0.7167,0.46545,8224.5,8792,13376,1036.5,0.7168,241
3,0,8049,0.7167,0.46545,6837,8792,12750,1036.5,0.6684,365
3,0,7348,0.7167,0.46545,7500,8792,12431,1036.5,0.5636,225
3,0,1233,0.75,0.46545,12135,8792,4823,1036.5,0.5934,56
2,0,8846,0.7486,0.4878,6700.5,8792,12770,1036.5,0.8135,576
3,0,716,0.7167,0.46545,9833,8792,1223,1036.5,0,84
3,0,2732,0.7167,0.46545,4902,8792,6485,1036.5,0.8392,117
3,0,8878,0.7167,0.46545,6500,8792,2413,1036.5,0.4275,82
2,0,4715,0.7167,0.46545,9833,8792,8079,1036.5,0,163
3,0,547,0.7167,0.46545,7667,8792,9762,1036.5,0.6752,117
2,0,8264,0.7167,0.1466,11666.5,8792,13472,1036.5,0.7188,3988
3,0,3294,0.7167,0.46545,5500,8792,9651,1036.5,0.469,82
3,0,5780,0.7167,0.46545,7292.5,8792,14673,1036.5,0.7143,111
3,0,3973,0.7167,0.46545,9833,8792,6875,1036.5,0,45
2,0,1341,0.7167,0.46545,9833,8792,7285,1036.5,0,136
3,0,6859,0.7167,0.46545,11530,8792,13111,1036.5,0.7358,37
3,0,10824,0.7167,0.46545,7139,8792,11957,1036.5,0.5327,125
3,0,8875,0.7167,0.46545,8100,8792,12049,1036.5,0.6909,148
2,0,14,0.7167,0.46545,9833,8792,5278,1036.5,0,252
2,0,5521,0.5573,0.5088,12750,8792,8247,1007,0.5697,497
3,0,2108,0.7167,0.46545,9833,8792,13254,1036.5,0,97
3,0,6011,0.7167,0.46545,9833,8792,4072,1036.5,0,50
3,0,1112,0.7167,0.46545,9833,8792,8708,1036.5,0,32
3,0,5003,0.7167,0.46545,9833,8792,5857,1036.5,0,40
3,0,6252,0.7167,0.46545,9833,8792,7357,1036.5,0,82
2,0,8204,0.1386,0.2019,9000,8792,8500,666,0.8983,922
2,0,1510,0.7167,0.6875,9833,8792,3922,1036.5,0,37
3,0,3714,0.7167,0.46545,6500,8792,12334,1036.5,0.554,133
2,0,6781,0.7167,0.3496,14250,8792,13689,1036.5,0.5794,305
3,0,9221,0.7167,0.46545,8300,8792,12538,1036.5,0.4841,90
2,0,4137,0.5838,0.4435,10250,8792,14271,1036.5,0.7327,297
3,0,8253,0.7167,0.46545,9833,8792,11709,1036.5,0.1667,12
3,0,6488,0.7167,0.46545,8727,8792,11585,1036.5,0.4751,186
3,0,5595,0.7167,0.46545,5881,8792,10727,1036.5,0.6087,38
3,0,7383,0.7167,0.46545,9667.5,8792,10673,1036.5,0.5403,64
3,0,3357,0.7167,0.46545,9816.5,8792,10307,1036.5,0.9492,38
3,0,3381,0.7167,0.46545,9500,8792,10187,1036.5,0.8872,137
3,0,2920,0.7167,0.46545,5500,8792,9516,1036.5,0.4746,127
3,0,13317,0.7167,0.46545,9833,8792,10588,1036.5,0.6087,20
3,0,7137,0.7167,0.46545,7059,8792,10242,1036.5,0.4761,176
3,0,5484,0.7167,0.46545,7833,8792,8959,1036.5,0.8026,44
2,0,7861,0.7167,0.4806,10174.5,8792,12807,1036.5,0.5712,742
2,0,379,0.1301,0.6454,9833,8792,11491,1050,0,1513
2,0,8042,0.9638,0.4345,13500,8792,12335,1036.5,0.44,9723
3,0,98,0.7167,0.46545,9833,8792,4060,1036.5,0,45
3,0,420,0.7167,0.46545,9833,8792,11290,1036.5,0.2979,26
2,0,4937,0.9886,0.25,18460,8792,10552,970,0.7439,219
3,0,4762,0.7167,0.46545,9833,8792,8586,1036.5,0.4821,42
2,0,767,0.7167,0.46545,9833,8792,10692,1036.5,0,448
3,0,4933,0.7167,0.46545,8642.5,8792,10019,1036.5,0.7302,37
3,0,5505,0.7167,0.46545,10429.5,8792,4096,1036.5,0.4865,83
3,0,7057,0.7167,0.46545,12000,8792,7412,1036.5,0.5862,45
2,0,985,0.7167,0.5275,7166,8792,11664,1036.5,0.5806,809
3,0,9471,0.7167,0.46545,11950,8792,12550,1036.5,0.7636,33
3,0,6962,0.7167,0.46545,14093,8792,9092,1036.5,0.7089,116
3,0,7212,0.7167,0.46545,14000,8792,12394,1036.5,0.4659,281
3,0,7438,0.7167,0.46545,9651,8792,12276,1036.5,0.9181,556
3,0,10213,0.7167,0.46545,9075,8792,12823,1036.5,0.7143,62
3,0,11720,0.7167,0.46545,9833,8792,12112,1036.5,0.5625,103
3,0,9898,0.7167,0.46545,9500,8792,10842,1036.5,0.4847,140
2,0,13683,1,0.46545,9833,8792,10473,1036.5,0.5185,32
2,0,13049,0.0741,0.9694,7500,8792,8413,1495,0.0482,5234
2,0,8825,1,0.16,9833,8792,12614,1036.5,0,239
2,0,7582,1,0.46545,9833,8792,3484,1036.5,0,68
3,0,9223,0.7167,0.46545,12000,8792,10817,1036.5,0.5633,157
3,0,4694,0.7167,0.46545,5500,8792,8601,1036.5,0.407,86
3,0,1713,0.7167,0.46545,6473,8792,11032,1036.5,0.6036,76
2,0,6462,0.5625,0.46545,12000,8792,12580,1036.5,0.7857,79
2,0,8145,0.9583,0.46545,9833,8792,12552,1036.5,0,106
3,0,5128,0.7167,0.46545,4857,8792,12903,1036.5,0.8523,270
2,0,5551,1,0.1176,9833,8792,4726,1036.5,0,47
2,0,15207,1,0.0833,9833,8792,3737,1036.5,0,49
2,0,8119,0.7167,0.46545,6400,8792,14187,1036.5,0.1657,675
3,0,11470,0.7167,0.46545,2617.5,8792,7738,1036.5,0.8912,194
3,0,5751,0.7167,0.46545,16500,8792,12158,1036.5,0.8873,56
3,0,9032,0.7167,0.46545,7849.5,8792,12102,1036.5,0.7512,124
2,0,3428,0.4795,0.46545,15250,8792,12223,1036.5,0.6317,336
2,0,730,0.7167,0.46545,9833,8792,6112,1036.5,0.8261,23
2,0,3774,0.2857,0.46545,13255,8792,8145,1036.5,0.6202,123
2,0,6437,0.7167,0.46545,9833,8792,8940,1036.5,0.2913,85
3,0,11645,0.7167,0.4432,9500,8792,9005,1036.5,0.7041,275
2,0,5068,0.5505,0.975,15750,8792,7059,1331,0.3721,161
3,0,12419,0.7167,0.46545,9500,8792,10885,1036.5,0.8324,274
2,0,1098,0.7167,0.7619,9833,8792,6217,1036.5,0,120
2,0,5933,1,0.4348,9833,8792,8897,1036.5,0,148
3,0,12639,0.7167,0.46545,5974.5,8792,11673,1036.5,0.9205,44
2,0,10164,0.5,0.46545,11950,8792,12109,1036.5,0.823,123
2,0,1248,0.9167,0.6471,9833,8792,11656,1036.5,0,207
2,0,9634,1,0.2,9833,8792,7220,1036.5,0,33
2,0,8603,0.8,0.5385,9833,8792,7900,1036.5,0,50
2,0,5267,0.7167,0.0959,9833,8792,4683,1036.5,0,160
3,0,12125,0.7167,0.46545,7019,8792,12783,1036.5,0.6449,103
3,0,10607,0.4404,0.5696,13300,8792,11116,1036.5,0.7054,6426
2,0,16095,0.7167,0.46545,9833,8792,8338,1036.5,0.2353,87
3,0,16017,0.7167,0.46545,6335,8792,8504,1036.5,0.7797,58
3,0,588,0.2992,0.7072,8386,8792,11933,1036.5,0.8003,726
2,0,3766,1,0.3889,9833,8792,5675,1036.5,0,164
2,0,7439,0.7167,0.7895,9833,8792,4612,1036.5,0,263
2,0,2202,0.7167,0.3855,9833,8792,8378,1036.5,0,269
2,0,5000,0.7167,0.5417,9833,8792,5595,1036.5,0,190
2,0,5803,1,0.46545,9833,8792,9033,1036.5,0.8065,35
2,0,11193,1,0.0667,9833,8792,12029,1036.5,0,321
2,0,9404,1,0.0217,5500,8792,7851,1036.5,0,180
2,0,13091,0.7167,0.4325,9833,8792,4906,1036.5,0,1814
3,0,1786,0.7167,0.46545,4750,8792,11282,1036.5,0.3118,116
2,0,6426,0.7167,0.46545,5500,8792,8242,1036.5,0.4833,562
2,0,6678,1,0.6667,9833,8792,4140,1036.5,0,119
2,0,5753,1,0.0606,5500,8792,1172,1036.5,0,152
2,0,3672,1,0.3333,9833,8792,7441,1036.5,0,104
2,0,8136,0.7167,0.2813,9833,8792,5245,1036.5,0,220
2,0,18194,0.8438,0.8788,9833,8792,5223,1036.5,0,75
2,0,4401,1,0.7423,9833,8792,5237,1036.5,0,470
2,0,4805,1,0,9833,8792,8617,1036.5,0,164
2,0,8381,0.3107,0.6944,12750,8792,12996,998,0.6926,440
3,0,12387,0.7167,0.46545,9500,8792,8711,1036.5,0.4483,47
2,0,7197,0.7167,0.1111,9833,8792,9186,1036.5,0.7887,67
3,0,2062,0.7167,0.46545,9833,8792,8229,1036.5,0.4717,143
3,0,4827,0.7167,0.46545,9833,8792,8504,1036.5,0.0789,42
3,0,3345,0.7167,0.46545,5500,8792,5756,1036.5,0.25,39
3,0,5120,0.7167,0.46545,8500,8792,10278,1036.5,1,43
3,0,5910,0.7167,0.46545,6650,8792,12038,1036.5,0.8564,182
3,0,8277,0.7167,0.46545,9500,8792,13480,1036.5,0.5278,189
3,0,9530,0.7167,0.46545,6406,8792,13183,1036.5,0.7234,97
2,0,4279,0.7167,0.46545,9833,8792,5718,1036.5,1,36
3,0,395,0.7167,0.46545,9833,8792,6394,1036.5,0,60
3,0,5026,0.7167,0.46545,8780.5,8792,11747,1036.5,0.6667,69
3,0,3386,0.7167,0.46545,8299.5,8792,8113,1036.5,0.5844,53
3,0,3567,0.7167,0.46545,12000,8792,10724,1036.5,0.6963,63
3,0,928,0.7167,0.46545,9833,8792,8739,1036.5,0.4545,7
3,0,8290,0.7167,0.46545,9994.5,8792,13815,1036.5,0.2547,56
2,0,433,0.7167,0.2119,9833,8792,3854,1036.5,0,537
2,0,4195,0.7167,0.1765,6082,8792,6285,1036.5,0.3738,486
3,0,2728,0.7167,0.46545,11875,8792,10425,1036.5,0.8261,161
2,0,5635,0.7167,0.5385,9833,8792,5336,1036.5,0.5652,37
3,0,3024,0.7167,0.46545,9833,8792,7436,1036.5,0.775,19
3,0,2076,0.7167,0.46545,9833,8792,13165,1036.5,0.5429,34
2,0,9272,0.7167,0.46545,8488,8792,8497,1036.5,0.7529,325
3,0,8280,0.7167,0.46545,5900,8792,5642,1036.5,0.4205,99
3,0,2675,0.7167,0.46545,9500,8792,9343,1036.5,0.8253,113
3,0,4644,0.7167,0.46545,9833,8792,8297,1036.5,0,57
3,0,3405,0.7167,0.46545,9833,8792,6748,1036.5,0.037,67
2,0,5246,1,0.3929,4964.5,8792,8975,1036.5,0.1677,259
3,0,8326,1,0.46545,10250,8792,9827,1036.5,0.6055,156
3,0,8942,0.7167,0.46545,8687.5,8792,7343,1036.5,0.9565,80
3,0,8794,0.7167,0.46545,9125,8792,11880,1036.5,0.5634,78
3,0,5196,0.7167,0.46545,9833,8792,4624,1036.5,0,33
3,0,5151,0.7167,0.46545,7405,8792,6586,1036.5,0.7878,171
3,0,82,0.7167,0.46545,5750,8792,9499,1036.5,0.8893,142
3,0,9281,0.7167,0.46545,5758,8792,13496,1036.5,0.6894,89
3,0,8339,0.7167,0.46545,11250,8792,10776,1036.5,0.619,101
2,0,6472,0.875,0.3333,9833,8792,5840,1036.5,0,56
3,0,4837,0.7167,0.46545,5500,8792,9002,1036.5,0.5686,145
3,0,7840,0.7167,0.46545,6516,8792,9288,1036.5,0.8387,42
3,0,2949,0.7167,0.46545,9833,8792,2330,1036.5,0.7073,29
3,0,5332,0.7167,0.46545,9500,8792,10198,1036.5,0.6164,90
3,0,3165,0.7167,0.46545,9833,8792,4551,1036.5,0.84,17
3,0,8220,0.7167,0.46545,7151,8792,10934,1036.5,0.6981,86
3,0,3010,0.7167,0.46545,9833,8792,9916,1036.5,0,17
3,0,4653,0.7167,0.46545,9833,8792,4821,1036.5,0.1385,24
3,0,8655,0.7167,0.46545,8328,8792,13463,1036.5,0.9107,44
3,0,8005,0.7167,0.46545,9833,8792,1500,1036.5,0.9091,30
3,0,4717,0.7167,0.46545,9833,8792,5481,1036.5,0,32
3,0,3739,0.7167,0.46545,9736,8792,10839,1036.5,1,56
3,0,8478,0.7167,0.46545,9500,8792,8653,1036.5,0.5928,126
3,0,7992,0.7167,0.46545,12000,8792,7650,1036.5,0.5098,68
3,0,10100,0.7167,0.46545,12000,8792,8900,1036.5,0.8063,132
3,0,12847,0.7167,0.46545,9321,8792,7767,1036.5,0.9067,39
3,0,6784,0.7167,0.46545,13250,8792,13599,1036.5,0.7945,100
3,0,13570,0.7167,0.46545,9032,8792,8163,1036.5,0.931,67
3,0,5620,0.7167,0.46545,13250,8792,12943,1036.5,0.3574,141
3,0,6927,0.8,0.46545,9833,8792,10815,1036.5,0.65,21
3,0,15139,0.7167,0.46545,12000,8792,7874,1036.5,0.9186,53
3,0,12930,0.7167,0.46545,8971,8792,7823,1036.5,0.803,133
3,0,13952,0.7167,0.46545,12000,8792,8200,1036.5,0.8776,49
3,0,8678,0.7167,0.46545,11019,8792,10396,1036.5,0.7277,176
3,0,4776,0.7167,0.46545,9500,8792,6976,1036.5,0.6364,40
3,0,6002,0.7167,0.46545,9500,8792,8771,1036.5,0.6429,69
3,0,6089,0.7167,0.46545,11946,8792,7820,1036.5,0.6897,93
3,0,10738,0.7167,0.46545,7589,8792,13082,1036.5,0.7286,97
2,0,7331,0.5177,0.5854,10863,8792,13167,1028,0.7284,269
3,0,7998,0.7167,0.46545,6333,8792,12297,1036.5,0.5969,343
3,0,5141,0.7167,0.46545,4750,8792,7234,1036.5,0.7576,68
3,0,3402,0.7167,0.46545,9499,8792,11500,1036.5,0.6386,163
3,0,10817,0.7167,0.46545,14680,8792,11649,1036.5,0.7195,354
3,0,12801,0.7167,0.46545,8028,8792,4142,1036.5,0.5607,89
3,0,9069,0.7167,0.46545,9500,8792,5504,1036.5,0.7837,109
3,0,12095,0.7167,0.46545,9834,8792,10668,1036.5,0.8706,107
2,0,3788,0.0484,1,9833,8792,2584,1036.5,0.464,122
3,0,9094,0.7167,0.46545,8100,8792,13484,1036.5,0.6351,39
3,0,9210,0.7167,0.46545,5781,8792,13772,1036.5,0.5618,112
3,0,9748,0.7167,0.46545,5781,8792,13487,1036.5,0.5287,50
3,0,9632,0.7167,0.46545,8100,8792,12931,1036.5,0.7209,57
3,0,11467,0.9514,0.46545,9586.5,8792,8505,1036.5,0.903,208
3,0,9531,0.7167,0.46545,5781,8792,13961,1036.5,0.6176,90
3,0,9555,0.7167,0.46545,9500,8792,11556,1036.5,0.9566,453
3,0,10115,0.7167,0.46545,3666,8792,12992,1036.5,0.5595,195
3,0,5298,0.7167,0.46545,6952,8792,12098,1036.5,0.3571,68
3,0,7079,0.7167,0.46545,8028,8792,14324,1036.5,0.9304,84
3,0,6321,0.9514,0.46545,9586.5,8792,5439,1036.5,0.7903,78
3,0,8684,1,0.46545,8593,8792,9551,1036.5,0.5138,856
2,0,191,0.7167,0.46545,9833,8792,12329,1036.5,0.1884,75
3,0,9550,0.7167,0.46545,10661,8792,8894,1036.5,0.6773,65
3,0,5436,0.7167,0.46545,8496,8792,12662,1036.5,0.6076,56
3,0,7723,0.7167,0.46545,8027,8792,7287,1036.5,0.6379,29
3,0,11849,0.7418,0.46545,10349,8792,7232,1036.5,0.8566,285
2,0,16627,0.7273,0.4571,9833,8792,10018,1036.5,0,124
3,0,9117,0.7167,0.46545,9500,8792,12551,1036.5,0.4878,88
2,0,18770,0.7167,0.7647,9833,8792,5861,1036.5,0.4151,52
3,0,11266,0.7167,0.46545,9500,8792,8031,1036.5,0.8123,2027
3,0,8629,0.7167,0.46545,6837,8792,14058,1036.5,0.7103,135
3,0,12499,0.7167,0.46545,6295.5,8792,10543,1036.5,0.5528,157
3,0,9211,0.7167,0.46545,5300,8792,12337,1036.5,0.4607,106
3,0,195,0.7167,0.46545,9833,8792,12568,1036.5,0.102,59
2,0,4296,0.7167,0.5893,12000,8792,4758,1036.5,0.9137,185
3,0,10423,0.7167,0.46545,8003,8792,12604,1036.5,0.6148,85
2,0,8284,0.8812,0.46545,6500,8792,10916,859,0.6979,813
3,0,1361,0.7167,0.46545,9833,8792,7310,1036.5,0,28
3,0,3330,0.7167,0.46545,9125,8792,8363,1036.5,0.4231,112
3,0,8058,0.7167,0.46545,7917,8792,10550,1036.5,0.5479,81
3,0,5569,0.7167,0.46545,7080,8792,8062,1036.5,0.3846,142
3,0,8049,0.7167,0.46545,9500,8792,12881,1036.5,0.4063,72
2,0,9065,0.7167,0.46545,12000,8792,12015,1036.5,0.5725,122
2,0,7453,0.5464,0.5723,14250,8792,13351,1022,0.601,826
3,0,8379,0.7167,0.46545,9833,8792,5218,1036.5,0,40
2,0,8453,0.4916,0.3082,16018,8792,10823,716,0.9312,1554
2,0,9809,0.2335,0.1685,12250,8792,12091,760,0.8312,1009
2,0,13098,0.6995,0.5304,15000,8792,9095,1054,0.866,1632
3,0,18,0.7167,0.46545,6333,8792,10666,1036.5,0.8445,518
3,0,7370,0.7167,0.46545,8393,8792,13165,1036.5,0.5535,137
3,0,7752,0.7167,0.46545,5500,8792,10813,1036.5,0.0552,173
3,0,3261,0.7167,0.46545,4750,8792,8695,1036.5,0.0968,124
3,0,4563,0.7167,0.46545,7500,8792,10114,1036.5,0.4472,59
2,0,3824,0.7167,0.46545,9833,8792,11256,1036.5,0,219
2,0,5834,0.7167,0.3333,13542,8792,13102,1036.5,0.8369,230
3,0,5702,0.7167,0.46545,9833,8792,8213,1036.5,0,76
3,0,5894,0.7167,0.46545,9833,8792,5468,1036.5,0,51
3,0,4104,0.7167,0.46545,3500,8792,10699,1036.5,0.3619,58
3,0,6205,0.7167,0.46545,5750.5,8792,9762,1036.5,0.7944,60
3,0,3053,0.7167,0.46545,9500,8792,8548,1036.5,0.8045,195
2,0,2181,0.7167,0.46545,9833,8792,5119,1036.5,0,296
3,0,3362,0.7167,0.46545,2500,8792,4495,1036.5,0,283
3,0,5385,0.7167,0.46545,9833,8792,11184,1036.5,0,49
3,0,558,0.7167,0.46545,9833,8792,5399,1036.5,0,58
3,0,713,0.7167,0.46545,2625,8792,7097,1036.5,0,53
3,0,9605,0.7167,0.46545,3766,8792,11963,1036.5,0.7975,108
3,0,5694,0.7167,0.46545,9833,8792,3632,1036.5,0,51
3,0,10937,0.7167,0.46545,6850,8792,12347,1036.5,0.9079,48
3,0,1395,0.7167,0.46545,9833,8792,2893,1036.5,0.7273,42
2,0,4895,0.7167,0.46545,6885,8792,6461,1036.5,0.5583,169
3,0,9646,0.7167,0.46545,4859.5,8792,11477,1036.5,0.481,173
3,0,4625,0.7167,0.46545,3050,8792,8007,1036.5,0.5424,26
3,0,1347,0.7167,0.46545,5500,8792,9952,1036.5,0.45,232
2,0,8051,0.7167,0.22,14750,8792,12089,1036.5,0.9028,1388
3,0,3107,0.7755,0.46545,13478,8792,10251,1036.5,0.7636,156
2,0,3449,0.3604,0.4703,5780,8792,10441,1081,0.2189,2664
3,0,2500,0.7167,0.46545,9833,8792,9308,1036.5,0.1786,79
3,0,2683,0.7167,0.46545,9833,8792,9345,1036.5,0.8333,56
3,0,4190,0.7167,0.46545,9833,8792,6140,1036.5,0.2118,33
3,0,5693,0.7167,0.46545,9833,8792,7388,1036.5,0,50
2,0,2736,0.7167,0.46545,4350,8792,10334,1036.5,0.2405,1992
3,0,6443,0.7167,0.46545,9500,8792,10700,1036.5,0.8163,80
3,0,6504,0.7167,0.46545,5833,8792,12950,1036.5,0.5241,108
3,0,6672,0.7167,0.46545,4827,8792,9491,1036.5,0.6835,79
3,0,9904,0.7167,0.46545,9833,8792,11751,1036.5,0.4118,32
3,0,1537,0.7167,0.46545,2625,8792,7649,1036.5,0,89
3,0,8150,0.7167,0.46545,9500,8792,13819,1036.5,1,152
3,0,2883,0.7167,0.46545,6242,8792,13171,1036.5,0.4798,100
3,0,6246,0.7167,0.46545,4832.5,8792,11906,1036.5,0.3973,128
3,0,8927,0.7167,0.46545,5225,8792,12175,1036.5,0.4479,153
3,0,10042,0.5909,0.46545,9500,8792,9212,1036.5,0.7789,49
3,0,4547,0.7167,0.46545,9833,8792,6273,1036.5,0.4068,24
3,0,4849,0.7167,0.46545,3750,8792,5816,1036.5,0.8562,121
3,0,9652,0.7167,0.46545,9500,8792,10174,1036.5,0.3984,160
3,0,5886,0.7167,0.46545,10619.5,8792,8346,1036.5,0.7093,102
3,0,2857,0.7167,0.46545,9833,8792,7118,1036.5,0,19
2,0,6377,0.9091,0.6207,6000,8792,14117,1026,0.2902,204
2,0,867,0.4091,0.46545,9833,8792,751,1036.5,0,36
3,0,889,0.7167,0.46545,5500,8792,5322,1036.5,0.3314,121
3,0,2615,0.7167,0.46545,6416.5,8792,8871,1036.5,0.6076,70
3,0,7543,0.7167,0.46545,9314,8792,7905,1036.5,0.7078,682
3,0,14585,0.7167,0.46545,6836,8792,11136,1036.5,0.8835,68
2,0,4476,0.7167,0.46545,6333,8792,12514,1036.5,0.9433,96
2,0,1847,0.1327,0.8824,9833,8792,5777,1017,0.3182,42
3,0,10905,0.7167,0.46545,10046,8792,9718,1036.5,0.9175,213
3,0,7259,0.7167,0.46545,6333,8792,10787,1036.5,0.835,70
3,0,9060,0.7167,0.46545,9500,8792,11964,1036.5,0.633,121
3,0,9197,0.7167,0.46545,9500,8792,12453,1036.5,0.542,136
3,0,7795,0.7167,0.46545,8955,8792,10444,1036.5,0.3333,113
3,0,5087,0.7167,0.46545,7000,8792,11054,1036.5,0.4638,77
3,0,7956,0.7167,0.46545,8100,8792,13338,1036.5,0.6846,89
3,0,7221,0.7167,0.46545,6333,8792,10752,1036.5,0.5072,55
3,0,8886,0.7167,0.46545,12000,8792,12918,1036.5,0.5672,156
3,0,5315,0.7167,0.46545,6333,8792,7975,1036.5,0.8667,46
3,0,5778,0.7167,0.46545,9833,8792,7238,1036.5,0,156
3,0,5111,0.7167,0.46545,9833,8792,6090,1036.5,0,225
2,0,475,0.7167,0.2215,3700,8792,10189,1036.5,0.0761,850
2,0,486,0.7167,0.2218,3700,8792,10364,1036.5,0.1022,998
3,0,365,0.7167,0.46545,9833,8792,6454,1036.5,0,560
3,0,4809,0.7167,0.46545,9833,8792,2624,1036.5,0,548
2,0,5661,0.8694,0.3165,7075,8792,7829,1036.5,0.8896,1261
2,0,2098,0.7167,0.3891,4500,8792,3029,1036.5,0.1053,1365
2,0,6519,0.7368,0.2752,5500,8792,7110,1036.5,0.2194,1654
3,0,8226,0.7167,0.2673,1400,8792,4480,1036.5,0,1680
2,0,13956,0.7167,0.2166,6750,8792,2084,1036.5,0.221,1572
2,0,2048,0.7167,0.3093,6750,8792,3233,1036.5,0.2503,703
2,0,13777,0.497,0.1923,7500,8792,4447,1036.5,0.4462,594
2,0,4739,0.497,0.3882,7500,8792,6506,1036.5,0.5075,5926
2,0,4533,0.7167,0.8605,2375,8792,7002,1036.5,0,987
2,0,770,0.7167,1,9833,8792,7026,1036.5,0.2151,199
2,0,5570,0.7167,0.2491,4772.5,8792,9147,1036.5,0.4133,11503
2,0,7608,0.9845,0.285,9152,8792,8117,1036.5,0.3231,1195
3,0,6602,0.7167,0.46545,9833,8792,5701,1036.5,0,397
3,0,615,0.7167,0.46545,4150,8792,5292,1036.5,0.0215,1255
2,0,4282,0.7167,0.6598,9833,8792,8386,1036.5,0,705
3,0,968,0.7167,0.46545,9833,8792,6124,1036.5,0,542
3,0,972,0.7167,0.46545,9833,8792,6282,1036.5,0,596
3,0,5969,0.7167,0.46545,9833,8792,6191,1036.5,0,335
3,0,5907,0.7167,0.46545,9833,8792,3954,1036.5,0,266
2,0,4295,0.5362,0.3586,7250,8792,5585,1036.5,0.2752,4308
2,0,4481,0.5362,0.3341,7250,8792,5631,1036.5,0.2355,4203
2,0,4514,0.5362,0.3081,7250,8792,7417,1036.5,0.2699,4275
2,0,4452,0.5362,0.4149,7250,8792,6007,1036.5,0.3403,2005
2,0,5905,0.5362,0.2327,7250,8792,7904,1036.5,0.3487,6844
2,0,4408,0.5362,0.3068,7250,8792,5166,1036.5,0.2217,5353
2,0,4600,0.5362,0.1958,7250,8792,5311,1036.5,0.2076,2159
2,0,4575,0.5362,0.3066,7250,8792,6791,1036.5,0.4977,2054
2,0,4721,0.5362,0.2372,7250,8792,5202,1036.5,0.221,4681
3,0,686,0.7167,0.46545,9833,8792,4490,1036.5,0,102
3,0,1712,0.7167,0.46545,3170.5,8792,11475,1036.5,0.2069,1316
3,0,1261,0.7167,0.46545,9833,8792,4716,1036.5,0,4431
3,0,7834,1,0.46545,9833,8792,5036,1036.5,0,253
3,0,6366,1,0.46545,9833,8792,6153,1036.5,0,76
3,0,370,0.8571,0.2058,5500,8792,10106,1036.5,0.372,4993
3,0,493,0.8571,0.1955,5500,8792,8483,1036.5,0.5347,1646
3,0,1637,0.7167,0.46545,1640.5,8792,5282,1036.5,0.1968,2882
2,0,5800,0.7167,0.1996,4033,8792,9255,1036.5,0.3751,12287
2,0,242,0.7167,0.46545,9833,8792,7988,1036.5,0,14
3,0,420,0.7167,0.46545,9833,8792,8147,1036.5,0,33
2,0,7424,0.3186,0.3435,10500,8792,6029,1036.5,0.3958,5097
2,0,11686,0.497,0.1789,7500,8792,4549,1036.5,0.4852,1369
2,0,5169,0.7167,0.1986,4443,8792,9182,1036.5,0.3769,14556
2,0,5733,0.9845,0.2857,9152,8792,8037,1036.5,0.255,1272
3,0,1300,0.7167,0.46545,9833,8792,6659,1036.5,0,789
3,0,6472,0.7167,0.46545,5129,8792,9940,1036.5,0.7042,48
3,0,3990,0.7167,0.46545,9833,8792,6697,1036.5,0,31
3,0,10445,0.7167,0.46545,4090.5,8792,8045,1036.5,0.6519,112
3,0,5522,0.7167,0.46545,9500,8792,11179,1036.5,0.9167,71
3,0,5950,0.7167,0.46545,9500,8792,11618,1036.5,0.8909,142
3,0,4075,0.7167,0.46545,9833,8792,5636,1036.5,0.2,31
3,0,7419,0.7167,0.46545,3500,8792,10595,1036.5,0.5918,31
3,0,3442,0.7167,0.46545,9833,8792,3825,1036.5,0,80
3,0,7835,0.7167,0.46545,7392,8792,11755,1036.5,0.7,72
2,0,2618,1,0.2174,9833,8792,7149,1036.5,0,58
3,0,2371,0.7167,0.46545,9833,8792,7030,1036.5,0,62
3,0,5166,0.7167,0.46545,9833,8792,3946,1036.5,0,28
3,0,6955,0.7167,0.46545,6569,8792,12413,1036.5,0.7087,118
3,0,999,0.7167,0.46545,9833,8792,5323,1036.5,0.4118,6
3,0,7658,0.7167,0.46545,9833,8792,7130,1036.5,0,44
3,0,2222,0.7167,0.46545,7499,8792,11648,1036.5,0.9302,93
3,0,13914,1,0.46545,5066,8792,6505,1036.5,0.7173,374
3,0,13982,0.8291,0.46545,8751,8792,7441,1036.5,0.8,211
3,0,5555,0.7167,0.46545,7012.5,8792,11285,1036.5,0.5738,74
3,0,11926,0.7167,0.46545,10084,8792,8776,1036.5,0.9101,112
3,0,8934,0.7167,0.46545,6333,8792,13855,1036.5,0.9362,149
3,0,12665,0.7167,0.46545,9833,8792,9729,1036.5,0.4455,61
3,0,1628,0.7167,0.46545,6935,8792,11880,1036.5,0.5493,204
3,0,7449,0.7167,0.46545,4972.5,8792,12937,1036.5,0.5591,55
3,0,8124,0.7167,0.46545,6392.5,8792,12853,1036.5,0.7039,84
3,0,4589,0.7167,0.46545,8967,8792,12396,1036.5,0.547,157
3,0,7411,0.7167,0.46545,8100,8792,12114,1036.5,0.7657,80
3,0,10295,0.7167,0.46545,6333,8792,12698,1036.5,0.7476,171
3,0,4985,0.7167,0.46545,5541,8792,9900,1036.5,0.8232,87
2,0,5966,0.7167,0.1667,9833,8792,3333,1036.5,0,51
3,0,5215,0.7167,0.46545,5500,8792,9817,1036.5,0.9091,53
2,0,2196,0.7167,0.1538,6750,8792,2886,1036.5,0.3969,1159
2,0,2973,0.7167,0.2783,6750,8792,3144,1036.5,0.3,483
3,0,3455,0.7167,0.46545,6861,8792,12832,1036.5,0.6068,129
3,0,3109,0.7167,0.46545,3848.5,8792,12330,1036.5,0.9592,221
3,0,2270,0.7167,0.46545,9833,8792,9752,1036.5,0,75
3,0,4572,0.7167,0.46545,9833,8792,4553,1036.5,0,52
3,0,4642,0.7167,0.46545,7000,8792,10380,1036.5,0.6226,94
3,0,5052,0.7167,0.46545,9833,8792,6557,1036.5,0.5185,17
3,0,3847,0.7167,0.46545,7500,8792,11722,1036.5,0.507,28
2,0,5755,0.7167,0.46545,9833,8792,11038,1036.5,0.4928,107
3,0,9093,0.7167,0.46545,9833,8792,705,1036.5,0,27
3,0,6945,0.7167,0.46545,9500,8792,8459,1036.5,0.5556,111
3,0,6045,0.7167,0.46545,7283,8792,9186,1036.5,0.5618,74
3,0,11172,0.7167,0.46545,6337.5,8792,12554,1036.5,0.3478,30
3,0,9233,0.7167,0.46545,7000,8792,13925,1036.5,0.5101,116
3,0,6164,0.7167,0.46545,9833,8792,12005,1036.5,0,55
2,0,16679,0.7167,0.4727,9833,8792,6955,1036.5,0.1149,343
3,0,10818,0.7167,0.46545,7887,8792,13239,1036.5,0.8431,30
3,0,8965,0.7167,0.46545,6850,8792,12812,1036.5,0.3611,38
3,0,0,0.7167,0.46545,9833,8792,6457,1036.5,0,40
3,0,1015,0.7167,0.46545,9833,8792,4319,1036.5,0,80
3,0,6334,0.7167,0.46545,9833,8792,8872,1036.5,0,169
3,0,4749,0.7167,0.46545,3500,8792,12376,1036.5,0,98
3,0,9957,0.7167,0.46545,5481,8792,12059,1036.5,0.4247,187
3,0,6076,0.7167,0.46545,9833,8792,1583,1036.5,0,26
3,0,7002,0.7167,0.46545,9413.5,8792,10808,1036.5,0.6683,359
3,0,1717,0.7167,0.46545,7013,8792,11373,1036.5,0.3699,36
3,0,1052,0.7167,0.46545,9500,8792,10814,1036.5,0.7164,55
3,0,0,0.7167,0.46545,9833,8792,-1094,1036.5,0,77
3,0,9848,0.7167,0.46545,9833,8792,11827,1036.5,0.5385,53
3,0,8935,0.7167,0.46545,6333,8792,14101,1036.5,0.963,256
3,0,9072,0.7167,0.46545,9500,8792,6317,1036.5,0.9818,36
3,0,7551,0.7167,0.46545,6333,8792,14356,1036.5,0.5042,1078
3,0,4021,0.7167,0.46545,9833,8792,6964,1036.5,0,121
2,0,6612,0.7167,0.6667,9833,8792,10398,1036.5,0,125
3,0,2631,0.7167,0.46545,9500,8792,10352,1036.5,0.8644,135
3,0,2088,0.7167,0.46545,9500,8792,10091,1036.5,0.8614,64
3,0,2546,0.7167,0.46545,7916,8792,8551,1036.5,0.8438,111
3,0,8985,0.7167,0.46545,9158,8792,8656,1036.5,0.8523,405
2,0,6144,0.7167,0.6258,2375,8792,6778,1036.5,0,743
3,0,872,0.7167,0.46545,9833,8792,7977,1036.5,0,87
3,0,4251,0.7167,0.46545,9833,8792,8563,1036.5,0,82
3,0,5616,0.9001,0.46545,9833,8792,3580,1036.5,0,752
3,0,4768,0.7167,0.46545,9833,8792,4942,1036.5,0,325
2,0,4311,0.7167,0.7145,9833,8792,8103,1036.5,0,1260
3,0,5215,0.7167,0.46545,5650,8792,14365,1036.5,0.4573,84
3,0,9082,0.7167,0.46545,8167,8792,10926,1036.5,0.3684,37
3,0,6609,0.7167,0.46545,7667,8792,9262,1036.5,0.9151,30
3,0,8985,0.7167,0.46545,4750,8792,10149,1036.5,0.3519,119
3,0,8132,0.7167,0.46545,4196,8792,12397,1036.5,0.6286,35
3,0,11064,0.7167,0.46545,9833,8792,10928,1036.5,0.7015,59
3,0,10086,0.7167,0.46545,9833,8792,10614,1036.5,0.6667,68
3,0,3769,0.7167,0.46545,9833,8792,11929,1036.5,0,82
3,0,4967,0.7167,0.46545,9833,8792,7405,1036.5,0.0265,125
3,0,14330,0.7167,0.46545,6090,8792,11064,1036.5,0.9778,50
3,0,6439,0.7167,0.46545,6625,8792,11181,1036.5,0.6412,198
3,0,5041,0.7167,0.46545,3500,8792,8184,1036.5,0.5309,85
3,0,11326,0.7167,0.46545,3167,8792,5508,1036.5,0.4545,46
3,0,1230,0.7167,0.46545,1313,8792,3265,1036.5,0,177
2,0,6258,0.7167,0.46545,5250,8792,14033,1036.5,0.3117,187
2,0,6704,0.7167,0.46545,5250,8792,12111,1036.5,0.2864,133
2,0,6339,0.7167,0.46545,5250,8792,13570,1036.5,0.3268,155
2,0,8640,0.7167,0.46545,5250,8792,11957,1036.5,0.2063,72
3,0,4528,0.7167,0.46545,12000,8792,10614,1036.5,1,14
2,0,7194,0.7167,0.2302,11666.5,8792,9678,1036.5,0.7192,1036
3,0,4116,0.7167,0.46545,6333,8792,7574,1036.5,0.8085,34
3,0,5500,0.7167,0.46545,6333,8792,8304,1036.5,0.9643,39
3,0,5124,0.7167,0.46545,6333,8792,14283,1036.5,0.7232,54
3,0,6373,0.7167,0.46545,9407,8792,14130,1036.5,0.8995,484
3,0,4550,0.7167,0.46545,3500,8792,8003,1036.5,0,65
3,0,35,0.7167,0.46545,6711,8792,8148,1036.5,0.8356,247
3,0,3167,0.7167,0.46545,2727.5,8792,11828,1036.5,0.4078,90
3,0,4817,0.7167,0.46545,9833,8792,4709,1036.5,0,132
3,0,1148,0.7167,0.46545,1313,8792,4423,1036.5,0,277
2,0,10716,1,0.1176,9833,8792,8415,1036.5,0,86
2,0,6522,0.9781,0.46545,9833,8792,12942,1036.5,0,257
3,0,4334,0.7167,0.46545,9833,8792,7648,1036.5,0,105
3,0,6004,0.7167,0.46545,9833,8792,5384,1036.5,0,139
3,0,5119,0.7167,0.46545,4404,8792,6993,1036.5,0.5869,64
2,0,101,0.7167,0.46545,9833,8792,4542,1036.5,0,56
3,0,4173,0.7167,0.46545,3750,8792,9468,1036.5,0.5059,44
3,0,322,0.7167,0.46545,9833,8792,9079,1036.5,0,159
3,0,272,0.7167,0.46545,9833,8792,83,1036.5,0,142
3,0,8513,0.7167,0.46545,6250,8792,12573,1036.5,0.0264,913
3,0,8711,0.7167,0.9412,6258.5,8792,14216,1036.5,0.3273,33
2,0,3809,0.4336,0.8416,19000,8792,10450,1213,0.3425,412
2,0,5853,0.8,1,9833,8792,14553,1036.5,0.0224,122
3,0,407,0.7167,0.46545,5894,8792,11173,1036.5,0.1109,169
3,0,8742,0.7167,0.46545,3500,8792,5333,1036.5,0.5843,52
3,0,3906,0.7167,0.46545,6969,8792,8940,1036.5,0.5283,41
2,0,8249,0.7167,0.0746,11666.5,8792,13373,1036.5,0.6738,3066
2,0,9201,0.7167,0.1142,11666.5,8792,13174,1036.5,0.7099,4345
2,0,7708,0.7167,0.1364,11666.5,8792,13498,1036.5,0.6952,1534
3,0,5860,0.7167,0.46545,9833,8792,4887,1036.5,0,404
2,0,6798,0.7167,0.46545,3554,8792,11087,1036.5,0.4792,105
3,0,7227,0.7167,0.3158,1400,8792,4715,1036.5,0,402
3,0,6059,0.7167,0.46545,8708,8792,14511,1036.5,0.6831,940
2,0,18979,1,0.0556,9833,8792,7178,1036.5,0,118
2,0,6331,1,0.3902,9833,8792,6152,1036.5,0,155
3,0,13200,0.7167,0.46545,5500,8792,5821,1036.5,0.9028,78
3,0,8881,0.7167,0.46545,9500,8792,13387,1036.5,0.5038,160
3,0,7161,0.7167,0.46545,6551,8792,8963,1036.5,0.3718,109
3,0,7932,0.7167,0.46545,7833,8792,8710,1036.5,0.4419,99
3,0,6532,0.7167,0.46545,5886,8792,12169,1036.5,0.5429,99
3,0,8799,0.7167,0.46545,8893,8792,13535,1036.5,0.7425,186
3,0,4936,0.7167,0.46545,5500,8792,10027,1036.5,0.8477,124
3,0,8732,0.7167,0.46545,4859.5,8792,10533,1036.5,0.545,137
3,0,8105,0.7167,0.46545,7392,8792,13167,1036.5,0.7207,67
3,0,8052,0.7167,0.46545,8100,8792,13319,1036.5,0.6684,102
3,0,2619,0.7167,0.46545,9499,8792,11212,1036.5,0.6324,112
3,0,6050,0.7167,0.46545,9833,8792,14187,1036.5,0,116
3,0,5469,0.7167,0.46545,6334,8792,13048,1036.5,0.7059,54
3,0,6270,0.7167,0.46545,3756,8792,3163,1036.5,0.7647,22
2,0,7116,0.7167,0.1071,9833,8792,4752,1036.5,0,511
3,0,6914,0.7167,0.46545,11489,8792,9116,1036.5,0.4985,212
3,0,7863,0.7167,0.46545,9833,8792,7705,1036.5,0.95,17
3,0,5814,0.7167,0.46545,9833,8792,14208,1036.5,0.7483,78
3,0,8516,0.7167,0.46545,5500,8792,8943,1036.5,0.7087,76
3,0,12278,0.7167,0.46545,9500,8792,8145,1036.5,0.9153,48
3,0,10221,0.7167,0.46545,5500,8792,13621,1036.5,0.3564,179
3,0,11958,1,0.46545,8550,8792,12490,1036.5,0.686,298
2,0,8550,0.7167,0.125,11666.5,8792,11889,1036.5,0.7444,2202
3,0,15059,0.7167,0.46545,9833,8792,8845,1036.5,0.94,25
3,0,4624,0.7167,0.46545,3700,8792,9991,1036.5,0.0769,3262
3,0,4105,0.7167,0.46545,9833,8792,9998,1036.5,0,79
3,0,5300,0.7167,0.46545,9833,8792,7575,1036.5,0.6607,18
3,0,8438,0.7167,0.46545,6333,8792,9283,1036.5,0.7263,135
3,0,5651,0.7167,0.46545,4400,8792,8933,1036.5,0.2566,89
3,0,11960,0.7167,0.46545,9833,8792,12035,1036.5,0.6542,132
3,0,352,0.7167,0.46545,9833,8792,3552,1036.5,0,105
3,0,7147,0.7167,0.46545,6407,8792,9643,1036.5,0.9253,125
3,0,6227,0.7167,0.46545,9833,8792,13047,1036.5,0,34
3,0,2435,0.7167,0.46545,9833,8792,13359,1036.5,0.9459,48
3,0,7422,0.7167,0.46545,6333,8792,10271,1036.5,0.5085,364
3,0,33,0.7167,0.46545,9833,8792,4754,1036.5,0,275
3,0,3015,0.7167,0.46545,9833,8792,5376,1036.5,0,118
3,0,6146,0.7167,0.46545,9833,8792,4913,1036.5,0,94
3,0,6278,0.8146,0.46545,9833,8792,10420,1036.5,0,1550
3,0,2067,0.7167,0.46545,1750,8792,5278,1036.5,0.1489,211
3,0,4030,0.7167,0.46545,9833,8792,3669,1036.5,0,11
3,0,11874,0.7167,0.46545,3782.5,8792,11577,1036.5,0.6694,69
3,0,4036,0.7167,0.46545,5196,8792,6329,1036.5,0.9603,207
3,0,2608,0.7167,0.46545,6700,8792,9980,1036.5,0.3452,51
3,0,7122,0.7167,0.46545,5500,8792,10194,1036.5,0.8684,24
3,0,4923,0.7167,0.46545,9833,8792,9748,1036.5,0,93
3,0,2028,0.7167,0.46545,1750,8792,5236,1036.5,0.2527,579
3,0,1812,0.7167,0.46545,1750,8792,5484,1036.5,0.2407,244
3,0,1998,0.7167,0.46545,1750,8792,5305,1036.5,0.3895,217
3,0,11468,0.7167,0.46545,4750,8792,12897,1036.5,0.797,115
3,0,5199,0.7167,0.46545,6824.5,8792,10473,1036.5,0.2625,92
3,0,3061,0.7167,0.46545,9833,8792,3440,1036.5,0,61
2,0,4722,1,0.0625,9833,8792,12371,1036.5,0,48
2,0,328,0.7167,0.46545,9833,8792,9365,1036.5,0.004,448
3,0,8653,0.7167,0.46545,9833,8792,7677,1036.5,0,96
3,0,5506,0.7167,0.46545,9833,8792,2027,1036.5,0,53
3,0,1891,0.7167,0.46545,9833,8792,5218,1036.5,0,14
3,0,7368,0.7167,0.46545,9833,8792,13581,1036.5,0.4894,51
3,0,964,0.7167,0.46545,9833,8792,5868,1036.5,0,390
3,0,3713,0.7167,0.46545,4126,8792,6191,1036.5,0.2258,74
3,0,1216,0.7167,0.46545,9500,8792,11113,1036.5,0.5915,290
3,0,2450,0.7167,0.46545,9833,8792,10718,1036.5,0,920
3,0,4858,0.7167,0.46545,9833,8792,8869,1036.5,0,40
3,0,9848,0.7167,0.46545,9833,8792,8455,1036.5,0.5104,60
2,0,3422,0.7167,0.46545,5250,8792,12523,1036.5,0.6452,134
3,0,4337,0.7167,0.46545,9833,8792,4124,1036.5,0,195
3,0,3647,0.7167,0.46545,9833,8792,1618,1036.5,0.7556,25
3,0,5890,0.7167,0.46545,9833,8792,6895,1036.5,0,89
3,0,7691,0.7167,0.46545,7776,8792,13349,1036.5,0.8237,185
3,0,8587,0.7167,0.46545,12000,8792,12444,1036.5,0.7586,105
2,0,6772,0.7167,0.46545,9833,8792,7748,1036.5,0,623
2,0,4569,0.7167,0.46545,5250,8792,13242,1036.5,0.566,145
3,0,10635,0.7167,0.46545,9833,8792,10606,1036.5,0.0929,61
3,0,357,0.7167,0.46545,8150,8792,9096,1036.5,0.7244,388
2,0,18341,0.7167,0.46545,9833,8792,3861,1036.5,0.625,27
3,0,9,0.7167,0.46545,9833,8792,2844,1036.5,0,867
3,0,6662,0.7167,0.46545,9833,8792,6196,1036.5,0,356
3,0,404,0.7167,0.46545,9833,8792,10302,1036.5,0,55
2,0,246,0.7167,0.46545,9833,8792,7673,1036.5,0,96
3,0,13269,0.7167,0.46545,9500,8792,8722,1036.5,0.4226,812
2,0,3676,0.7167,0.46545,9833,8792,3893,1036.5,0,243
3,0,5485,0.7167,0.46545,9833,8792,14781,1036.5,0.9559,144
3,0,9999,0.7167,0.46545,8002,8792,11691,1036.5,0.5486,110
2,0,6255,0.7167,0.46545,5250,8792,13708,1036.5,0.5588,99
2,0,4827,0.7167,0.46545,9833,8792,6797,1036.5,0,132
3,0,2184,0.7167,0.46545,4750,8792,7542,1036.5,0.0556,99
3,0,5547,0.7167,0.46545,9833,8792,6506,1036.5,0.3333,86
2,0,4046,0.7167,0.46545,9500,8792,7851,1036.5,0.8542,43
3,0,144,0.7167,0.46545,7432.5,8792,6976,1036.5,1,51
2,0,14539,0.981,0.1176,9833,8792,9804,1036.5,0.0036,1642
3,0,13076,0.7167,0.46545,5500,8792,12243,1036.5,0.469,58
3,0,11593,0.7167,0.46545,9500,8792,12496,1036.5,0.7647,129
2,0,1925,0.7167,0.46545,9833,8792,5818,1036.5,0,58
3,0,15,0.7167,0.46545,8603,8792,10734,1036.5,0.6525,181
2,0,163,0.7167,0.46545,9833,8792,7431,1036.5,0,1031
2,0,3071,0.7167,1,9833,8792,2950,1036.5,0,23
2,0,5394,0.7167,0.46545,9833,8792,6003,1036.5,0,711
3,0,5613,0.7167,0.46545,7500,8792,11079,1036.5,0.3529,39
3,0,3466,0.7167,0.46545,9833,8792,4040,1036.5,0.1809,47
3,0,6036,0.7167,0.46545,13209,8792,8830,1036.5,0.8444,34
2,0,389,0.7167,0.46545,9833,8792,7601,1036.5,0,307
3,0,315,0.7167,0.46545,9833,8792,4540,1036.5,0,225
3,0,6790,0.7167,0.46545,8998,8792,14064,1036.5,0.7443,175
3,0,1367,0.7167,0.46545,9833,8792,8225,1036.5,0,164
3,0,7298,0.7167,0.46545,9100,8792,11327,1036.5,0.6404,138
3,0,5835,1,0.46545,9833,8792,5379,1036.5,0,188
3,0,5612,0.7167,0.46545,9833,8792,7096,1036.5,0,79
3,0,765,0.7167,0.46545,9833,8792,7251,1036.5,0,161
3,0,7079,0.7167,0.46545,13000,8792,13284,1036.5,0.9048,40
3,0,2347,0.7167,0.46545,4755,8792,6959,1036.5,0.8971,294
3,0,9784,0.7167,0.46545,9500,8792,9910,1036.5,0.7206,285
3,0,5657,0.7167,0.46545,9500,8792,12812,1036.5,0.5506,302
3,0,1653,0.7167,0.46545,4750,8792,8406,1036.5,0.9467,34
3,0,5619,0.7167,0.46545,9833,8792,7859,1036.5,0,33
3,0,2397,0.7167,0.46545,3500,8792,3482,1036.5,0.76,39
3,0,7839,0.7167,0.46545,4584,8792,11954,1036.5,0.1379,67
3,0,3513,0.7167,0.46545,9833,8792,4125,1036.5,0.0444,26
2,0,342,0.7167,0.46545,9833,8792,5452,1036.5,0,84
3,0,3024,0.7167,0.46545,9499,8792,12154,1036.5,0.6435,83
3,0,5938,0.7167,0.46545,6180,8792,8640,1036.5,1,88
2,0,4589,0.7167,0.8206,9833,8792,7634,1036.5,0,1269
3,0,9027,0.7167,0.46545,8786,8792,8995,1036.5,0.6537,907
3,0,7503,0.7167,0.46545,13250,8792,11207,1036.5,0.6894,85
3,0,12916,0.7167,0.46545,6402,8792,11003,1036.5,0.5444,54
3,0,3836,0.7167,0.46545,5500,8792,7990,1036.5,0.4706,61
3,0,11431,0.7167,0.46545,9500,8792,7838,1036.5,0.5537,14
3,0,4122,0.7167,0.46545,9500,8792,10971,1036.5,0.8489,263
2,0,10,0.7167,0.8,18000,8792,9230,1036.5,0.9341,620
2,0,5006,0.7167,0.46545,10867,8792,8662,1036.5,0.0893,864
3,0,7237,0.7167,0.46545,9500,8792,13112,1036.5,0.4567,149
2,0,5694,0.7167,0.1429,9833,8792,5900,1036.5,0,355
3,0,3424,0.7167,0.46545,9833,8792,4941,1036.5,0,189
3,0,7521,0.7167,0.46545,9833,8792,8438,1036.5,0.5,18
3,0,6087,0.7167,0.46545,7100.5,8792,13977,1036.5,0.475,68
3,0,7061,0.7167,0.46545,8615,8792,11561,1036.5,0.6763,67
3,0,7349,0.7167,0.46545,9833,8792,10584,1036.5,0.5263,228
3,0,11841,0.7167,0.46545,10046,8792,12203,1036.5,0.952,210
2,0,13001,0.7167,0.46545,4200,8792,8393,1036.5,0.65,53
3,1,5654,0.7167,0.46545,5781,8792,10744,1036.5,0.1936,9521
2,0,0,0.7167,0.46545,9833,8792,8680,1036.5,0,89
3,0,1168,0.7167,0.46545,9833,8792,2093,1036.5,0,158
2,0,24,0.7167,0.46545,9833,8792,8481,1036.5,0,188
3,0,7057,0.7167,0.46545,11410,8792,9432,1036.5,0.4677,39
3,0,12910,0.7167,0.46545,11788,8792,10431,1036.5,0.4518,196
3,0,866,0.7167,0.46545,1441,8792,7789,1036.5,0.5377,756
3,0,6508,0.7167,0.46545,9500,8792,3573,1036.5,0.6402,196
2,0,13096,0.7167,0.46545,7917,8792,11167,1036.5,0.8175,118
2,0,41,0.7167,0.7022,9833,8792,4382,1036.5,0,2470
3,0,38,0.7167,0.46545,9833,8792,5339,1036.5,0,96
3,0,444,0.8571,0.2154,5500,8792,9159,1036.5,0.4458,1868
3,0,14,0.7167,0.46545,8603,8792,10715,1036.5,0.5104,99
2,0,8551,0.7167,0.0941,11666.5,8792,13095,1036.5,0.7444,3761
3,0,7194,0.7167,0.46545,9833,8792,4442,1036.5,0,147
3,0,3545,0.7167,0.46545,9833,8792,9924,1036.5,0.7143,31
3,0,5189,0.4426,0.46545,9833,8792,1987,1036.5,0,144
3,0,5201,0.7167,0.46545,9134,8792,5599,1036.5,0.4746,165
3,0,6898,0.7167,0.46545,9833,8792,2178,1036.5,0,55
3,0,11356,0.7167,0.46545,6600,8792,12682,1036.5,0.4725,103
3,0,10565,0.7167,0.46545,6544,8792,11346,1036.5,0.386,97
2,0,3102,0.7167,0.2941,9833,8792,8938,1036.5,0,189
3,0,5214,0.7167,0.46545,9833,8792,12955,1036.5,0,70
2,0,11201,1,0.1,9833,8792,9232,1036.5,0,96
3,0,10333,0.7167,0.46545,9500,8792,9673,1036.5,0.5451,141
3,0,4024,0.7167,0.46545,9833,8792,8802,1036.5,0.4524,27
3,0,5746,0.7167,0.46545,3500,8792,10419,1036.5,0.2042,886
3,0,7578,0.7167,0.46545,9833,8792,686,1036.5,0,77
3,0,444,0.7167,0.46545,9833,8792,3164,1036.5,0,258
3,0,3150,0.7167,0.46545,9833,8792,6060,1036.5,0,52
3,0,3851,0.7167,0.46545,9500,8792,7386,1036.5,0.0244,19
3,0,4603,0.7167,0.46545,9833,8792,6211,1036.5,0,180
3,0,5042,0.7167,0.46545,9833,8792,8328,1036.5,0.4138,5
3,0,8046,0.7167,0.46545,15950,8792,4084,1036.5,0.9655,49
3,0,6372,0.7167,0.46545,9833,8792,8598,1036.5,0,76
3,0,8373,0.7167,0.46545,6406,8792,11593,1036.5,0.6984,76
3,0,8439,0.7167,0.46545,9500,8792,9047,1036.5,0.7216,67
3,0,10649,0.7167,0.46545,9472.5,8792,9691,1036.5,0.6543,130
3,0,2998,0.7167,0.46545,9500,8792,13659,1036.5,0.5632,32
3,0,9280,0.7167,0.46545,6333,8792,12777,1036.5,0.5659,113
3,0,8967,0.7167,0.46545,6333,8792,11475,1036.5,0.6032,119
3,0,10592,0.7167,0.46545,6896,8792,12830,1036.5,0.8134,207
3,0,2153,0.7167,0.46545,9833,8792,5785,1036.5,0,33
3,0,11239,0.7167,0.46545,3525,8792,6916,1036.5,0.6429,21
2,0,9781,0.7167,0.46545,7601,8792,13118,1036.5,0.4909,60
3,0,5943,0.7167,0.46545,8946,8792,8306,1036.5,0.871,27
3,0,4013,0.7167,0.46545,5500,8792,8273,1036.5,0.4722,44
2,0,6410,0.7167,0.46545,9500,8792,14013,1036.5,0.7453,176
3,0,8622,0.7167,0.46545,4786,8792,7828,1036.5,0.6712,67
3,0,4938,0.7167,0.46545,6026,8792,12915,1036.5,0.4561,128
2,0,4367,0.7167,0,9833,8792,14125,1036.5,0,76
3,0,8253,0.7167,0.46545,5411.5,8792,11244,1036.5,0.3812,401
3,0,5937,0.7167,0.46545,9833,8792,6381,1036.5,0.4571,17
3,0,721,0.7167,0.46545,9833,8792,7932,1036.5,0,31
3,0,5923,0.7167,0.46545,9833,8792,9163,1036.5,0.8182,26
3,0,3874,0.7167,0.46545,6490,8792,7545,1036.5,0.8955,17
2,0,10180,0.7167,0.6564,9833,8792,10289,1036.5,0,1561
3,0,8160,0.7167,0.46545,8100,8792,11998,1036.5,0.7005,249
3,0,11999,0.7167,0.46545,5781,8792,11349,1036.5,0.5,6
3,0,5991,0.7167,0.46545,7136,8792,9246,1036.5,0.9286,18
3,0,10402,0.7167,0.4688,12417,8792,10517,1036.5,0.6521,279
3,0,8477,0.7167,0.46545,8350,8792,12232,1036.5,0.3319,142
3,0,3396,0.7167,0.46545,4750,8792,6196,1036.5,0.0508,57
3,0,5165,0.7167,0.46545,9833,8792,5868,1036.5,0,138
3,0,4331,0.7167,0.46545,6365,8792,10070,1036.5,0.254,64
3,0,6937,0.7167,0.46545,5200,8792,14011,1036.5,0.9434,73
3,0,3018,0.7167,0.46545,3579.5,8792,12094,1036.5,0.5815,148
3,0,7551,0.7167,0.46545,9498,8792,7955,1036.5,0.595,234
3,0,6541,0.7167,0.46545,9833,8792,9028,1036.5,0.5357,28
3,0,8015,0.7167,0.46545,9833,8792,1574,1036.5,0,103
3,0,8639,0.7167,0.46545,9833,8792,13543,1036.5,0.5,29
3,0,5945,0.7167,0.46545,3800,8792,7954,1036.5,0.6774,64
3,0,5724,0.7167,0.46545,5500,8792,6152,1036.5,0.7922,44
3,0,8153,0.7167,0.46545,9833,8792,7716,1036.5,0.7407,20
3,0,9931,0.7167,0.46545,9500,8792,11828,1036.5,0.3036,90
3,0,8372,0.7167,0.46545,4400,8792,12338,1036.5,0.8125,25
3,0,7879,0.7167,0.46545,6334,8792,8335,1036.5,0.9787,18
3,0,4091,0.7167,0.46545,9833,8792,11413,1036.5,0,120
3,0,6548,0.7167,0.46545,6566.5,8792,11931,1036.5,0.4648,39
3,0,8185,0.7167,0.46545,6817,8792,8995,1036.5,0.5625,121
3,0,6608,0.7167,0.46545,9833,8792,11714,1036.5,0.1136,53
3,0,5280,0.7167,0.46545,7500,8792,14322,1036.5,0.9,45
3,0,3666,0.7167,0.46545,7602,8792,6649,1036.5,0.4138,42
2,0,6734,0.7173,0,18624,8792,7366,1036.5,0.6636,721
3,0,4808,0.7167,0.46545,9500,8792,13870,1036.5,0.9145,88
3,0,6173,0.7167,0.46545,9833,8792,11876,1036.5,0,254
3,0,5166,0.7167,0.46545,9833,8792,10259,1036.5,0,276
3,0,7081,0.7167,0.46545,8100,8792,14066,1036.5,0.4505,66
2,0,110,0.7167,0.46545,9833,8792,7492,1036.5,0,395
2,0,275,0.7167,0.46545,9833,8792,7321,1036.5,0,188
2,0,309,0.7167,0.46545,9833,8792,6994,1036.5,0,169
2,0,1960,0.7167,1,9833,8792,10708,1036.5,0.3824,25
3,0,5247,0.7167,0.46545,1826,8792,9654,1036.5,0.44,129
3,0,11245,0.7167,0.46545,9833,8792,12479,1036.5,0.8025,29
3,0,7623,0.7167,0.46545,6200,8792,9574,1036.5,0.811,80
3,0,8886,0.7167,0.46545,5500,8792,11830,1036.5,0.5357,113
3,0,6115,0.7167,0.46545,4750,8792,12000,1036.5,0.4035,33
3,0,6124,0.7167,0.46545,7628.5,8792,9626,1036.5,0.6592,130
2,0,4360,0.4605,0.1786,9833,8792,6128,1036.5,0,114
3,0,12367,0.7167,0.46545,1280,8792,3437,1036.5,0.1,124
3,0,962,0.7167,0.46545,9833,8792,1715,1036.5,0,59
3,0,2821,0.7167,0.46545,7917,8792,10746,1036.5,0.3906,70
3,0,3932,0.7167,0.46545,5500,8792,11493,1036.5,0.3348,119
3,0,11332,0.7167,0.46545,8612,8792,9773,1036.5,0.6897,64
2,0,5926,0.7167,0.3333,9833,8792,8270,1036.5,0.1719,86
3,0,9165,0.7167,0.46545,6837,8792,13494,1036.5,0.633,127
3,0,9771,0.7167,0.46545,6406,8792,13208,1036.5,0.6857,123
3,0,8696,0.7167,0.46545,9833,8792,11063,1036.5,0.5,119
3,0,12598,0.7167,0.46545,9500,8792,11212,1036.5,0.4444,104
3,0,5593,0.7167,0.46545,9833,8792,11629,1036.5,0.1333,64
3,0,6839,0.7167,0.46545,5136,8792,6078,1036.5,0.411,152
3,0,12397,0.7167,0.46545,11667,8792,12179,1036.5,0.8808,119
3,0,6098,0.7167,0.46545,9500,8792,12817,1036.5,0.5454,666
3,0,16530,0.7167,0.46545,6702,8792,10935,1036.5,0.7576,26
3,0,10615,0.7167,0.46545,9833,8792,11220,1036.5,0.5,59
3,0,5476,0.7167,0.46545,6222,8792,10653,1036.5,0.934,25
3,0,9952,0.7167,0.46545,6333,8792,13663,1036.5,0.6016,193
3,0,6912,0.7167,0.46545,9500,8792,13379,1036.5,0.4881,61
3,0,14876,0.7167,0.46545,9833,8792,8567,1036.5,0.8482,72
3,0,3703,0.7167,0.46545,9500,8792,11579,1036.5,0.5975,96
3,0,3949,0.7167,0.46545,5000,8792,6382,1036.5,0.1902,160
2,0,7460,0.8684,0.3704,9833,8792,2540,1036.5,0,307
3,0,12412,0.7167,0.46545,6503,8792,12728,1036.5,0.4903,359
3,0,10954,0.7167,0.46545,9833,8792,11181,1036.5,0,125
3,0,6519,0.7167,0.46545,5500,8792,10555,1036.5,0.8991,51
3,0,7599,0.7167,0.46545,10556,8792,7607,1036.5,1,120
3,0,2443,0.7167,0.46545,9500,8792,7495,1036.5,0.8,25
3,0,5126,0.7167,0.46545,9833,8792,9708,1036.5,0.6383,37
3,0,6481,0.7167,0.46545,7375,8792,9711,1036.5,0.5434,93
3,0,7025,0.7167,0.46545,9833,8792,1421,1036.5,0.6667,8
3,0,12146,0.7167,0.46545,12000,8792,7439,1036.5,0.7317,30
2,0,3756,0.7167,0.6667,2375,8792,7176,1036.5,0,631
3,0,6950,0.7167,0.46545,9500,8792,14124,1036.5,0.7917,18
3,0,5709,0.7167,0.46545,9520,8792,11783,1036.5,0.4026,45
3,0,8519,0.7167,0.46545,8100,8792,11846,1036.5,0.5978,50
2,0,3968,0.7167,0.46545,9833,8792,12340,1036.5,0,40
3,0,5744,0.7167,0.46545,12000,8792,12243,1036.5,0.3482,61
3,0,1248,0.7167,0.46545,3772,8792,11863,1036.5,0.5769,23
3,0,7528,0.7167,0.46545,6333,8792,9535,1036.5,0.5579,856
3,0,4329,0.7167,0.46545,9833,8792,4753,1036.5,0,63
3,0,6782,0.7167,0.46545,8801,8792,10218,1036.5,0.6512,632
3,0,6315,0.7167,0.46545,9833,8792,8319,1036.5,0.7451,32
3,0,76,0.7167,0.46545,5747,8792,9410,1036.5,0.7737,38
3,0,7724,0.7167,0.46545,5500,8792,8662,1036.5,0.3253,67
3,0,6926,0.7167,0.46545,10850,8792,12922,1036.5,0.5389,139
3,0,11913,0.7167,0.46545,7917,8792,9256,1036.5,0.7455,33
3,0,12523,0.7167,0.46545,9833,8792,11699,1036.5,0.6563,31
3,0,9594,0.7167,0.46545,10559,8792,13267,1036.5,0.6875,133
3,0,9963,0.7167,0.46545,6224,8792,13163,1036.5,0.5106,58
3,0,2216,0.7167,0.46545,3500,8792,9955,1036.5,0.6532,136
3,0,7203,1,0.46545,9500,8792,11114,1036.5,0.4556,115
2,0,3520,0.7167,0.46545,4536,8792,6721,1036.5,1,62
3,0,9051,0.7167,0.46545,9833,8792,9877,1036.5,0.6043,244
3,0,7979,0.7167,0.46545,9500,8792,13080,1036.5,0.75,303
3,0,4459,0.7167,0.46545,9500,8792,7209,1036.5,0.9565,18
3,0,7712,0.7167,0.46545,8998,8792,11980,1036.5,0.5161,208
3,0,7436,0.7167,0.46545,9413.5,8792,10542,1036.5,0.6889,817
3,0,4609,0.7167,0.46545,9500,8792,10616,1036.5,0.9298,50
3,0,23127,1,0.46545,12380.5,8792,2963,1036.5,0.7458,629
3,0,9589,0.7167,0.46545,6333,8792,11016,1036.5,0.9086,363
3,0,9350,0.7167,0.46545,9833,8792,11366,1036.5,0.4731,107
3,0,5203,0.7167,0.46545,6211,8792,13841,1036.5,0.6656,192
3,0,9055,0.7167,0.46545,6333,8792,10172,1036.5,0.6778,58
3,0,9631,0.7167,0.46545,9500,8792,10952,1036.5,0.8481,55
2,0,6052,0.7167,0.46545,9833,8792,2512,1036.5,0,15
3,0,5243,0.7167,0.46545,9833,8792,4478,1036.5,0,109
3,0,10055,0.7167,0.46545,2950,8792,3274,1036.5,1,136
3,0,3725,0.7167,0.46545,4318,8792,5157,1036.5,0.0588,297
3,0,7492,0.7167,0.46545,9500,8792,12379,1036.5,0.649,143
3,0,7800,0.7167,0.46545,11250,8792,12506,1036.5,0.5703,181
3,0,4542,0.7167,0.46545,6333,8792,14016,1036.5,0.6229,131
3,0,8010,0.7167,0.46545,6406,8792,10956,1036.5,0.7296,110
3,0,9487,0.7167,0.46545,9500,8792,13472,1036.5,0.7132,87
3,0,4245,0.7167,0.46545,9921,8792,11357,1036.5,0.9048,54
3,0,10788,0.7167,0.46545,9921,8792,11133,1036.5,0.645,93
3,0,10352,0.7167,0.46545,13500,8792,11149,1036.5,0.5486,106
3,0,4945,0.7167,0.46545,6333,8792,12257,1036.5,0.3902,179
3,0,8460,0.7167,0.46545,13000,8792,8806,1036.5,0.9901,126
3,0,1658,0.7167,0.46545,9833,8792,9812,1036.5,0.1099,46
3,0,6849,0.7167,0.46545,5500,8792,9613,1036.5,0.6364,115
3,0,10004,0.7167,0.46545,9833,8792,11013,1036.5,0.25,38
3,0,5905,0.7167,0.46545,9500,8792,12765,1036.5,0.5714,120
2,0,6039,0.7167,0.46545,9833,8792,11465,1036.5,0.62,33
3,0,3533,0.7167,0.46545,9833,8792,5563,1036.5,0,44
3,0,5013,0.7167,0.46545,16500,8792,9755,1036.5,0.5238,60
3,0,3268,0.7167,0.46545,9944,8792,9261,1036.5,0.44,33
3,0,8289,0.7167,0.46545,6917,8792,13643,1036.5,0.4533,45
3,0,6428,0.7167,0.46545,5737,8792,10014,1036.5,0.6379,45
3,0,4235,0.7167,0.46545,9832,8792,12480,1036.5,0.4802,106
3,0,8365,0.7167,0.46545,10447.5,8792,13182,1036.5,0.6331,152
3,0,3056,0.7167,0.46545,9833,8792,10571,1036.5,0,35
3,0,3686,0.7167,0.46545,9500,8792,11598,1036.5,0.4811,129
3,0,4959,0.7167,0.46545,9833,8792,4856,1036.5,0,59
3,0,1643,0.7167,0.46545,9833,8792,7479,1036.5,0,33
3,0,6352,0.7167,0.46545,6333,8792,10902,1036.5,0.5176,105
3,0,3591,0.7167,0.46545,9833,8792,7503,1036.5,0.375,30
3,0,28,0.7167,0.46545,9833,8792,5727,1036.5,0.0143,515
3,0,4541,0.7167,0.46545,8898,8792,9833,1036.5,0.3939,102
3,0,10851,0.7167,0.46545,8000,8792,10459,1036.5,0.7972,118
2,0,942,0.7167,0.46545,9833,8792,8856,1036.5,0,82
3,0,9616,0.7167,0.46545,4850,8792,13683,1036.5,0.0939,363
3,0,1378,0.7167,0.46545,9833,8792,5278,1036.5,0.5,53
3,0,8865,0.7167,0.46545,12000,8792,8221,1036.5,0.7153,76
3,0,20063,0.7167,0.46545,5690,8792,5804,1036.5,1,53
3,0,4636,0.7167,0.46545,9833,8792,13864,1036.5,0.7797,61
3,0,6763,0.7167,0.46545,9833,8792,9049,1036.5,0,89
3,0,5513,0.7167,0.46545,7917,8792,13552,1036.5,0.5315,80
2,0,4307,1,0,9833,8792,10863,1036.5,0.7612,54
3,0,8589,0.7167,0.46545,12000,8792,11596,1036.5,0.7097,87
3,0,6706,0.7167,0.46545,11086,8792,8025,1036.5,0.413,3
3,0,10420,0.7167,0.46545,8500,8792,12970,1036.5,1,59
3,0,444,0.8571,0.46545,5500,8792,8838,1036.5,0.6798,1117
3,0,8085,0.7167,0.46545,6837,8792,12103,1036.5,0.7428,169
3,0,8442,0.7167,0.46545,6392.5,8792,13109,1036.5,0.5954,65
3,0,8245,0.7167,0.46545,6569,8792,12256,1036.5,0.8047,94
3,0,9549,0.7167,0.46545,5781,8792,13996,1036.5,0.5673,197
3,0,8302,0.7167,0.46545,6569,8792,13045,1036.5,0.5225,130
3,0,8540,0.7167,0.46545,7000,8792,13514,1036.5,0.7071,170
3,0,9688,0.7167,0.46545,6569,8792,13791,1036.5,0.748,255
3,0,8464,0.7167,0.46545,7000,8792,12100,1036.5,0.683,117
3,0,8295,0.7167,0.46545,7392,8792,12950,1036.5,0.7735,134
3,0,8252,0.7167,0.46545,7000,8792,13839,1036.5,0.7379,65
3,0,8188,0.7167,0.46545,6569,8792,12614,1036.5,0.697,151
3,0,8532,0.7167,0.46545,6569,8792,12291,1036.5,0.6878,121
3,0,8013,0.7167,0.46545,5781,8792,12952,1036.5,0.6257,111
3,0,8629,0.7167,0.46545,8100,8792,12385,1036.5,0.7863,61
3,0,7893,0.7167,0.46545,9500,8792,9570,1036.5,0.7368,75
3,0,8168,0.7167,0.46545,4600,8792,12459,1036.5,0.717,44
3,0,19285,0.7167,0.46545,9887,8792,8011,1036.5,0.781,73
3,0,3311,0.7167,0.46545,7111,8792,7575,1036.5,0.5347,64
3,0,8739,0.7167,0.46545,12000,8792,11561,1036.5,0.4323,485
3,0,7515,0.7167,0.46545,9500,8792,13904,1036.5,0.5061,231
3,0,6517,0.7167,0.46545,9833,8792,11231,1036.5,0.1371,129
3,0,2632,0.7167,0.46545,9833,8792,5723,1036.5,0,35
3,0,4577,0.7167,0.46545,9833,8792,10855,1036.5,0.1333,75
3,0,7841,0.7167,0.46545,11574.5,8792,11514,1036.5,0.3553,36
3,0,8803,0.7167,0.46545,7917,8792,10133,1036.5,0.5741,58
3,0,7327,0.7167,0.46545,9833,8792,9528,1036.5,0.3333,105
2,0,0,0.7167,0.46545,9833,8792,4198,1036.5,0,27
3,0,14037,0.7167,0.46545,10413,8792,9836,1036.5,0.8571,30
3,0,14846,0.7167,0.46545,9833,8792,5248,1036.5,0,35
3,0,7633,0.7167,0.46545,8916,8792,10149,1036.5,0.7838,105
3,0,4654,0.7167,0.46545,9000,8792,8448,1036.5,0.5263,32
3,0,7688,0.7167,0.46545,12000,8792,13322,1036.5,0.5792,152
3,0,5366,0.7167,0.46545,12000,8792,12607,1036.5,0.6058,161
2,0,10784,0.8814,0.46545,9833,8792,7600,1036.5,0.1919,150
3,0,9360,0.7167,0.46545,8003,8792,11770,1036.5,0.4737,146
3,0,4079,0.7167,0.46545,8708,8792,12548,1036.5,0.712,898
3,0,2446,0.7167,0.46545,7235,8792,8785,1036.5,0.5325,53
3,0,791,0.7167,0.46545,9833,8792,6459,1036.5,0,613
3,0,5998,0.7167,0.46545,6625,8792,11483,1036.5,0.5099,220
3,0,111,0.7167,0.46545,9833,8792,7455,1036.5,0,59
3,0,6392,0.7167,0.46545,15397,8792,12313,1036.5,0.7173,348
3,0,15950,0.7167,0.46545,9500,8792,9040,1036.5,0.5333,58
3,0,19465,1,0.46545,12380.5,8792,2878,1036.5,0.7631,506
3,0,6965,0.7167,0.46545,9833,8792,11466,1036.5,0.3243,64
3,0,9403,0.7167,0.46545,8440,8792,12662,1036.5,0.4184,100
2,0,5576,0.7167,0.46545,9833,8792,14069,1036.5,0.3063,113
3,0,4526,0.7167,0.46545,9833,8792,5224,1036.5,0.0139,35
3,0,4279,0.7167,0.46545,6537,8792,14094,1036.5,0.65,54
3,0,11860,0.7167,0.46545,9500,8792,12322,1036.5,0.561,65
3,0,6147,0.7167,0.46545,6078,8792,12621,1036.5,0.6824,41
3,0,7438,0.7167,0.46545,9833,8792,10267,1036.5,0.35,30
3,0,8728,0.7167,0.46545,3500,8792,3206,1036.5,0.1071,110
3,0,3351,0.7167,0.46545,9833,8792,10755,1036.5,0,43
2,0,3768,0.7167,0.15,9833,8792,9479,1036.5,0.1533,95
3,0,6898,0.7167,0.46545,9833,8792,9411,1036.5,0.9667,25
3,0,11925,0.7167,0.46545,9833,8792,6550,1036.5,0,35
3,0,11080,0.7167,0.46545,9500,8792,11529,1036.5,0.5081,132
3,0,15316,0.7167,0.46545,9500,8792,7675,1036.5,0.9043,59
3,0,3822,0.7167,0.46545,10100,8792,11382,1036.5,0.6159,97
3,0,11668,0.7167,0.46545,5818,8792,12889,1036.5,0.4129,95
3,0,5961,0.7167,0.46545,10555,8792,13350,1036.5,0.5612,90
3,0,11408,0.7167,0.46545,9500,8792,11332,1036.5,0.0645,29
3,0,3041,0.7167,0.46545,9833,8792,2134,1036.5,0,6
3,0,1139,0.7167,0.46545,5735,8792,-788,1036.5,0.63,68
3,0,7190,0.7167,0.46545,6225.5,8792,12685,1036.5,0.6615,116
3,0,5767,0.7167,0.46545,6500,8792,12765,1036.5,0.3585,176
3,0,7074,0.7167,0.46545,9833,8792,3842,1036.5,0.0685,28
3,0,10775,0.7167,0.46545,5846,8792,12807,1036.5,0.5805,128
3,0,6496,0.7167,0.46545,9500,8792,6858,1036.5,0.4769,51
2,0,5643,0.7167,0.46545,8250,8792,9107,1036.5,0.3914,350
3,0,7835,0.7167,0.46545,7878,8792,12330,1036.5,0.6049,51
3,0,4724,0.7167,0.46545,9833,8792,6868,1036.5,0,59
3,0,4325,0.7167,0.46545,4450,8792,11610,1036.5,0.0595,78
3,0,7232,0.7167,0.46545,10103,8792,11958,1036.5,0.422,113
3,0,3303,0.7167,0.46545,8512.5,8792,9351,1036.5,0.9135,120
3,0,6566,0.7167,0.46545,11077,8792,8038,1036.5,0.537,28
3,0,2495,0.7167,0.46545,9833,8792,12139,1036.5,0.7007,74
3,0,4387,0.7167,0.46545,9833,8792,11646,1036.5,0,66
3,0,6215,0.7167,0.46545,9400,8792,6305,1036.5,1,34
3,0,5974,0.7167,0.46545,9833,8792,10403,1036.5,0,13
3,0,5991,0.7167,0.46545,10556,8792,12532,1036.5,0.558,239
3,0,7698,0.7167,0.46545,6333,8792,13325,1036.5,0.5547,115
3,0,6547,0.7167,0.46545,6875,8792,14087,1036.5,0.5435,35
3,0,5032,0.7167,0.46545,9833,8792,13543,1036.5,0.7664,162
3,0,10313,0.7167,0.46545,8002,8792,13016,1036.5,0.604,175
2,0,2968,0.7167,0.46545,13250,8792,11968,1036.5,0.4234,224
2,0,4269,0.7167,0.46545,13250,8792,10728,1036.5,0.7565,152
3,0,3769,0.7167,0.46545,5129,8792,9593,1036.5,0.7324,194
3,0,329,0.8571,0.46545,5500,8792,9912,1036.5,0.4512,920
2,0,8498,0.7167,0.46545,5250,8792,12387,1036.5,0.1923,97
3,0,7188,0.7167,0.46545,5974.5,8792,11414,1036.5,0.625,65
3,0,713,0.7167,0.46545,1313,8792,4006,1036.5,0,205
3,0,7679,0.7167,0.46545,13500,8792,10535,1036.5,0.6703,123
3,0,8983,0.7167,0.46545,3782.5,8792,11911,1036.5,0.801,140
2,0,426,0.7167,0.46545,9833,8792,6713,1036.5,0,2
2,0,263,0.7167,0.46545,9833,8792,6757,1036.5,0,270
3,0,149,0.7167,0.46545,9833,8792,6374,1036.5,0,274
3,0,11239,0.7167,0.46545,3525,8792,7717,1036.5,0.6857,19
3,0,950,0.7167,0.46545,8500,8792,10192,1036.5,1,23
3,0,6533,0.7167,0.46545,9500,8792,7730,1036.5,0.6875,23
3,0,252,0.7167,0.46545,5894,8792,11758,1036.5,0.1512,92
3,0,8656,0.7167,0.46545,10423.5,8792,10575,1036.5,0.6917,233
3,0,5009,0.7167,0.46545,10423.5,8792,12418,1036.5,0.813,172
3,0,5374,0.7167,0.46545,9413.5,8792,12232,1036.5,0.7081,192
3,0,10633,0.7167,0.46545,6402,8792,10040,1036.5,0.7292,81
3,0,19490,1,0.46545,12380.5,8792,1627,1036.5,0.7953,741
3,0,7260,0.7167,0.46545,9833,8792,12210,1036.5,0.6167,42
3,0,6167,0.7167,0.46545,9500,8792,11778,1036.5,0.8444,45
3,0,2222,0.7167,0.46545,6333,8792,11969,1036.5,0.9231,11
3,0,9166,0.7167,0.46545,3500,8792,11843,1036.5,0.3093,135
3,0,5656,0.7167,0.46545,4750,8792,7904,1036.5,0.6479,62
3,0,13080,1,0.46545,12380.5,8792,11719,1036.5,0.8845,602
3,0,8178,0.7167,0.46545,9833,8792,3888,1036.5,0,24
3,0,6276,0.7167,0.46545,9833,8792,10968,1036.5,0.5789,21
3,0,10146,0.7167,0.46545,4859.5,8792,11437,1036.5,0.5362,103
3,0,3294,0.7167,0.46545,9791,8792,13207,1036.5,0.7679,107
3,0,229,0.7167,0.46545,3207,8792,9234,1036.5,0.1429,16
3,0,6260,0.7167,0.46545,6333,8792,5668,1036.5,0.6036,60
3,0,8915,0.7167,0.46545,9500,8792,11557,1036.5,0.3742,205
3,0,1128,0.7167,0.46545,9833,8792,4597,1036.5,0.3492,39
3,0,2215,0.7167,0.46545,4750,8792,11272,1036.5,0.392,118
3,0,1535,0.7167,0.46545,6333,8792,10060,1036.5,0.2364,137
3,0,6385,0.7167,0.46545,9833,8792,12302,1036.5,1,18
3,0,5331,0.7167,0.46545,9833,8792,8994,1036.5,0.31,80
3,0,6669,0.7167,0.46545,2709,8792,12464,1036.5,0.3583,75
3,0,3752,0.7167,0.46545,9833,8792,5553,1036.5,0,65
2,0,4317,1,0.6,9833,8792,7050,1036.5,0,23
2,0,7935,1,0.7143,9833,8792,7030,1036.5,0,298
3,0,7694,0.7167,0.46545,6333,8792,11779,1036.5,0.5663,48
3,0,2697,0.7167,0.46545,5846,8792,8562,1036.5,0.521,61
3,0,1478,0.7167,0.46545,9833,8792,4404,1036.5,0,122
3,0,4289,0.7167,0.46545,9833,8792,6695,1036.5,0.7206,65
3,0,7858,0.7167,0.46545,6333,8792,14208,1036.5,0.5385,46
3,0,7528,0.7167,0.46545,9833,8792,8053,1036.5,0.7705,41
3,0,5141,0.7167,0.46545,8000,8792,13171,1036.5,0.5275,91
3,0,9940,0.7167,0.46545,6333,8792,13480,1036.5,0.7481,193
3,0,13529,0.7167,0.46545,6211,8792,7820,1036.5,0.4317,79
3,0,4597,0.7167,0.46545,8966,8792,11560,1036.5,0.62,36
3,0,937,0.7167,0.46545,9833,8792,10088,1036.5,0.4444,20
3,0,2908,0.7167,0.46545,9833,8792,9358,1036.5,0.1731,55
3,0,7617,0.7167,0.46545,9619,8792,11858,1036.5,0.8182,63
3,0,3366,0.7167,0.46545,4318,8792,3459,1036.5,0.031,147
3,0,15170,0.7167,0.46545,8862,8792,10234,1036.5,0.4875,56
3,0,5918,0.7167,0.46545,6156,8792,11941,1036.5,0.1447,241
3,1,12045,0.7167,0.186,10250,8792,11616,1036.5,0.8834,2132
3,0,8305,0.7167,0.46545,5781,8792,12329,1036.5,0.8848,194
3,0,3307,0.7167,0.46545,4318,8792,3773,1036.5,0.0825,45
3,0,3930,0.7167,0.46545,9833,8792,5067,1036.5,0.3438,26
3,0,27,0.7167,0.46545,5931,8792,9107,1036.5,0.5954,259
3,0,7863,0.7167,0.46545,9500,8792,11627,1036.5,0.6489,59
2,0,3795,0.7167,1,9833,8792,13866,1036.5,0.1944,109
3,0,9875,0.7167,0.46545,10277,8792,9521,1036.5,0.8095,31
3,0,4085,0.7167,0.46545,9833,8792,11866,1036.5,0,40
3,0,8746.5,0.7167,0.46545,3167,8792,14575,1036.5,0.0755,106
2,0,729,0.7167,0.25,9833,8792,11973,1036.5,0,27
3,0,8881,0.7167,0.46545,9833,8792,-1220,1036.5,0.1905,17
3,0,7379,0.7167,0.46545,9833,8792,10705,1036.5,0.6875,13
3,0,15729,0.7167,0.46545,9833,8792,11251,1036.5,0.2617,52
3,0,3806,1,0.46545,9833,8792,5127,1036.5,0.2174,57
3,0,21672,0.7167,0.46545,9833,8792,6617,1036.5,0.1739,34
3,0,10281,0.7167,0.46545,4750,8792,8428,1036.5,0.7115,35
3,0,6299,0.7167,0.46545,6333,8792,3439,1036.5,0.2,56
3,0,5561,0.7167,0.46545,8776,8792,12448,1036.5,0.4023,69
3,0,4506,0.7167,0.46545,9833,8792,10819,1036.5,0.275,45
2,0,4490,0.7167,0.46545,9833,8792,14248,1036.5,0.3529,25
3,0,2900,0.7167,0.46545,9833,8792,8180,1036.5,0.5385,30
2,0,7802,1,0.46545,9833,8792,5260,1036.5,0,70
2,0,9593,1,0.5,9833,8792,8831,1036.5,0,64
2,0,1777,0.7167,0.46545,9833,8792,8025,1036.5,0.4808,31
3,0,5000,0.7167,0.46545,9833,8792,14720,1036.5,0.2222,22
3,0,11419,0.7167,0.46545,7667,8792,10577,1036.5,0.1615,131
3,0,7752,0.7167,0.46545,9833,8792,13133,1036.5,0.2647,49
3,0,4380,0.7167,0.46545,7667,8792,11158,1036.5,0.0189,96
3,0,9612,0.7167,0.46545,7000,8792,13742,1036.5,0.92,68
3,0,13439,0.7167,0.46545,10490.5,8792,11221,1036.5,0.9365,281
3,0,8746.5,0.7167,0.46545,9500,8792,8950,1036.5,0.725,73
